Model,Scenario,Step,Stabilizing force trajectory,Destabilizing force trajectory,Target stabilizing force,Target destabilizing force,Target VE free energy,Field potential Phi,Lyapunov V,Delta Lyapunov V,Jacobian eigenvalue 1,Jacobian eigenvalue 2,Locally stable
Hybrid w/o Rerank,Nominal relaxation,0,1.9839410984720198,2.090993602716409,2.7554737478778053,1.5945262521221946,-0.4554737478778055,0.10705250424438906,0.8417424593051491,,-0.8500000000000001,-1.25,True
Hybrid w/o Rerank,Nominal relaxation,1,2.1353837490407788,1.9863120529456169,2.7554737478778053,1.5945262521221946,-0.4554737478778055,-0.1490716960951619,0.5380077203845539,-0.3037347389205952,-0.8500000000000001,-1.25,True
Hybrid w/o Rerank,Nominal relaxation,2,2.2508361809992667,1.9096713346494416,2.7554737478778053,1.5945262521221946,-0.4554737478778055,-0.34116484634982513,0.3539754969461968,-0.18403222343835712,-0.8500000000000001,-1.25,True
Hybrid w/o Rerank,Nominal relaxation,3,2.338977973514625,1.8537432644738026,2.7554737478778053,1.5945262521221946,-0.4554737478778055,-0.48523470904082266,0.2406621895548787,-0.11331330739131809,-0.8500000000000001,-1.25,True
Hybrid w/o Rerank,Nominal relaxation,4,2.406372866794733,1.813085760735662,2.7554737478778053,1.5945262521221946,-0.4554737478778055,-0.593287106059071,0.16963968397833773,-0.07102250557654097,-0.8500000000000001,-1.25,True
Hybrid w/o Rerank,Nominal relaxation,5,2.4579885323364925,1.7836621285137355,2.7554737478778053,1.5945262521221946,-0.4554737478778055,-0.674326403822757,0.12426983320405759,-0.04536985077428014,-0.8500000000000001,-1.25,True
Hybrid w/o Rerank,Nominal relaxation,6,2.4975879628256052,1.7624820856800838,2.7554737478778053,1.5945262521221946,-0.4554737478778055,-0.7351058771455214,0.09471424015811492,-0.02955559304594267,-0.8500000000000001,-1.25,True
Hybrid w/o Rerank,Nominal relaxation,7,2.5280243111986582,1.7473338290610634,2.7554737478778053,1.5945262521221946,-0.4554737478778055,-0.7806904821375948,0.07508340181558965,-0.01963083834252527,-0.8500000000000001,-1.25,True
Hybrid w/o Rerank,Nominal relaxation,8,2.5514630961486096,1.7365841602669594,2.7554737478778053,1.5945262521221946,-0.4554737478778055,-0.8148789358816502,0.06180079528543764,-0.013282606530152008,-0.8500000000000001,-1.25,True
Hybrid w/o Rerank,Nominal relaxation,9,2.5695497495073067,1.7290294733176155,2.7554737478778053,1.5945262521221946,-0.4554737478778055,-0.8405202761896913,0.05265884968201747,-0.009141945603420167,-0.8500000000000001,-1.25,True
Hybrid w/o Rerank,Nominal relaxation,10,2.583536018182704,1.7237847367619816,2.7554737478778053,1.5945262521221946,-0.4554737478778055,-0.8597512814207222,0.04627033874407985,-0.006388510937937623,-0.8500000000000001,-1.25,True
Hybrid w/o Rerank,Nominal relaxation,11,2.5943753809740424,1.7202008456300468,2.7554737478778053,1.5945262521221946,-0.4554737478778055,-0.8741745353439956,0.041746787272423314,-0.004523551471656534,-0.8500000000000001,-1.25,True
Hybrid w/o Rerank,Nominal relaxation,12,2.6027951219339225,1.7178031461474719,2.7554737478778053,1.5945262521221946,-0.4554737478778055,-0.8849919757864506,0.03850795542063154,-0.0032388318517917736,-0.8500000000000001,-1.25,True
Hybrid w/o Rerank,Nominal relaxation,13,2.6093508093129247,1.7162457531946327,2.7554737478778053,1.5945262521221946,-0.4554737478778055,-0.893105056118292,0.036167550116159124,-0.0023404053044724163,-0.8500000000000001,-1.25,True
Hybrid w/o Rerank,Nominal relaxation,14,2.614467506624223,1.71527764025705,2.7554737478778053,1.5945262521221946,-0.4554737478778055,-0.8991898663671729,0.034463657808957986,-0.001703892307201138,-0.8500000000000001,-1.25,True
Hybrid w/o Rerank,Nominal relaxation,15,2.618470972982645,1.7147174989288114,2.7554737478778053,1.5945262521221946,-0.4554737478778055,-0.9037534740538335,0.03321569613790306,-0.0012479616710549257,-0.8500000000000001,-1.25,True
Hybrid w/o Rerank,Nominal relaxation,16,2.621611305752669,1.71443512593384,2.7554737478778053,1.5945262521221946,-0.4554737478778055,-0.9071761798188291,0.03229729143048254,-0.0009184047074205226,-0.8500000000000001,-1.25,True
Hybrid w/o Rerank,Nominal relaxation,17,2.624080873721189,1.7143376645786135,2.7554737478778053,1.5945262521221946,-0.4554737478778055,-0.9097432091425754,0.031618861933938563,-0.0006784294965439738,-0.8500000000000001,-1.25,True
Hybrid w/o Rerank,Nominal relaxation,18,2.626027933962111,1.7143594528267252,2.7554737478778053,1.5945262521221946,-0.4554737478778055,-0.9116684811353857,0.03111621473138891,-0.0005026472025496526,-0.8500000000000001,-1.25,True
Hybrid w/o Rerank,Nominal relaxation,19,2.6275669830823634,1.7144545479523705,2.7554737478778053,1.5945262521221946,-0.4554737478778055,-0.9131124351299928,0.0307429366211667,-0.000373278110222211,-0.8500000000000001,-1.25,True
Hybrid w/o Rerank,Nominal relaxation,20,2.628786635692389,1.7145912350664403,2.7554737478778053,1.5945262521221946,-0.4554737478778055,-0.9141954006259485,0.030465224523282326,-0.0002777120978843736,-0.8500000000000001,-1.25,True
Hybrid w/o Rerank,Nominal relaxation,21,2.6297556287388715,1.7147480039909564,2.7554737478778053,1.5945262521221946,-0.4554737478778055,-0.9150076247479151,0.0302583151022253,-0.0002069094210570277,-0.8500000000000001,-1.25,True
Hybrid w/o Rerank,Nominal relaxation,22,2.6305274040025735,1.7149106111631836,2.7554737478778053,1.5945262521221946,-0.4554737478778055,-0.9156167928393899,0.03010398274949743,-0.00015433235272786783,-0.8500000000000001,-1.25,True
Hybrid w/o Rerank,Nominal relaxation,23,2.6311436107477872,1.715069941839791,2.7554737478778053,1.5945262521221946,-0.4554737478778055,-0.9160736689079962,0.029988764129501258,-0.00011521861999617272,-0.8500000000000001,-1.25,True
Hybrid w/o Rerank,Nominal relaxation,24,2.6316367873035706,1.7152204613441195,2.7554737478778053,1.5945262521221946,-0.4554737478778055,-0.9164163259594511,0.02990268494397035,-8.60791855309094e-05,-0.8500000000000001,-1.25,True
Hybrid w/o Rerank,Nominal relaxation,25,2.6320324175628125,1.7153590988147704,2.7554737478778053,1.5945262521221946,-0.4554737478778055,-0.916673318748042,0.029838338869766712,-6.434607420363614e-05,-0.8500000000000001,-1.25,True
Hybrid w/o Rerank,No calibration control,0,1.9839410984720198,2.090993602716409,2.7554737478778053,1.5945262521221946,-0.4554737478778055,0.10705250424438906,0.8417424593051491,,-0.8500000000000001,-1.25,True
Hybrid w/o Rerank,No calibration control,1,2.1353837490407788,1.9863120529456169,2.7554737478778053,1.5945262521221946,-0.4554737478778055,-0.1490716960951619,0.5380077203845539,-0.3037347389205952,-0.8500000000000001,-1.25,True
Hybrid w/o Rerank,No calibration control,2,2.2508361809992667,1.9096713346494416,2.7554737478778053,1.5945262521221946,-0.4554737478778055,-0.34116484634982513,0.3539754969461968,-0.18403222343835712,-0.8500000000000001,-1.25,True
Hybrid w/o Rerank,No calibration control,3,2.338977973514625,1.8537432644738026,2.7554737478778053,1.5945262521221946,-0.4554737478778055,-0.48523470904082266,0.2406621895548787,-0.11331330739131809,-0.8500000000000001,-1.25,True
Hybrid w/o Rerank,No calibration control,4,2.406372866794733,1.813085760735662,2.7554737478778053,1.5945262521221946,-0.4554737478778055,-0.593287106059071,0.16963968397833773,-0.07102250557654097,-0.8500000000000001,-1.25,True
Hybrid w/o Rerank,No calibration control,5,2.4579885323364925,1.7836621285137355,2.7554737478778053,1.5945262521221946,-0.4554737478778055,-0.674326403822757,0.12426983320405759,-0.04536985077428014,-0.8500000000000001,-1.25,True
Hybrid w/o Rerank,No calibration control,6,2.4975879628256052,1.7624820856800838,2.7554737478778053,1.5945262521221946,-0.4554737478778055,-0.7351058771455214,0.09471424015811492,-0.02955559304594267,-0.8500000000000001,-1.25,True
Hybrid w/o Rerank,No calibration control,7,2.5280243111986582,1.7473338290610634,2.7554737478778053,1.5945262521221946,-0.4554737478778055,-0.7806904821375948,0.07508340181558965,-0.01963083834252527,-0.8500000000000001,-1.25,True
Hybrid w/o Rerank,No calibration control,8,2.5514630961486096,1.7365841602669594,2.7554737478778053,1.5945262521221946,-0.4554737478778055,-0.8148789358816502,0.06180079528543764,-0.013282606530152008,-0.8500000000000001,-1.25,True
Hybrid w/o Rerank,No calibration control,9,2.5695497495073067,1.7290294733176155,2.7554737478778053,1.5945262521221946,-0.4554737478778055,-0.8405202761896913,0.05265884968201747,-0.009141945603420167,-0.8500000000000001,-1.25,True
Hybrid w/o Rerank,No calibration control,10,2.583536018182704,1.7237847367619816,2.7554737478778053,1.5945262521221946,-0.4554737478778055,-0.8597512814207222,0.04627033874407985,-0.006388510937937623,-0.8500000000000001,-1.25,True
Hybrid w/o Rerank,No calibration control,11,2.5943753809740424,1.7202008456300468,2.7554737478778053,1.5945262521221946,-0.4554737478778055,-0.8741745353439956,0.041746787272423314,-0.004523551471656534,-0.8500000000000001,-1.25,True
Hybrid w/o Rerank,No calibration control,12,2.6027951219339225,1.7178031461474719,2.7554737478778053,1.5945262521221946,-0.4554737478778055,-0.8849919757864506,0.03850795542063154,-0.0032388318517917736,-0.8500000000000001,-1.25,True
Hybrid w/o Rerank,No calibration control,13,2.6093508093129247,1.7162457531946327,2.7554737478778053,1.5945262521221946,-0.4554737478778055,-0.893105056118292,0.036167550116159124,-0.0023404053044724163,-0.8500000000000001,-1.25,True
Hybrid w/o Rerank,No calibration control,14,2.614467506624223,1.71527764025705,2.7554737478778053,1.5945262521221946,-0.4554737478778055,-0.8991898663671729,0.034463657808957986,-0.001703892307201138,-0.8500000000000001,-1.25,True
Hybrid w/o Rerank,No calibration control,15,2.618470972982645,1.7147174989288114,2.7554737478778053,1.5945262521221946,-0.4554737478778055,-0.9037534740538335,0.03321569613790306,-0.0012479616710549257,-0.8500000000000001,-1.25,True
Hybrid w/o Rerank,No calibration control,16,2.621611305752669,1.71443512593384,2.7554737478778053,1.5945262521221946,-0.4554737478778055,-0.9071761798188291,0.03229729143048254,-0.0009184047074205226,-0.8500000000000001,-1.25,True
Hybrid w/o Rerank,No calibration control,17,2.624080873721189,1.7143376645786135,2.7554737478778053,1.5945262521221946,-0.4554737478778055,-0.9097432091425754,0.031618861933938563,-0.0006784294965439738,-0.8500000000000001,-1.25,True
Hybrid w/o Rerank,No calibration control,18,2.626027933962111,1.7143594528267252,2.7554737478778053,1.5945262521221946,-0.4554737478778055,-0.9116684811353857,0.03111621473138891,-0.0005026472025496526,-0.8500000000000001,-1.25,True
Hybrid w/o Rerank,No calibration control,19,2.6275669830823634,1.7144545479523705,2.7554737478778053,1.5945262521221946,-0.4554737478778055,-0.9131124351299928,0.0307429366211667,-0.000373278110222211,-0.8500000000000001,-1.25,True
Hybrid w/o Rerank,No calibration control,20,2.628786635692389,1.7145912350664403,2.7554737478778053,1.5945262521221946,-0.4554737478778055,-0.9141954006259485,0.030465224523282326,-0.0002777120978843736,-0.8500000000000001,-1.25,True
Hybrid w/o Rerank,No calibration control,21,2.6297556287388715,1.7147480039909564,2.7554737478778053,1.5945262521221946,-0.4554737478778055,-0.9150076247479151,0.0302583151022253,-0.0002069094210570277,-0.8500000000000001,-1.25,True
Hybrid w/o Rerank,No calibration control,22,2.6305274040025735,1.7149106111631836,2.7554737478778053,1.5945262521221946,-0.4554737478778055,-0.9156167928393899,0.03010398274949743,-0.00015433235272786783,-0.8500000000000001,-1.25,True
Hybrid w/o Rerank,No calibration control,23,2.6311436107477872,1.715069941839791,2.7554737478778053,1.5945262521221946,-0.4554737478778055,-0.9160736689079962,0.029988764129501258,-0.00011521861999617272,-0.8500000000000001,-1.25,True
Hybrid w/o Rerank,No calibration control,24,2.6316367873035706,1.7152204613441195,2.7554737478778053,1.5945262521221946,-0.4554737478778055,-0.9164163259594511,0.02990268494397035,-8.60791855309094e-05,-0.8500000000000001,-1.25,True
Hybrid w/o Rerank,No calibration control,25,2.6320324175628125,1.7153590988147704,2.7554737478778053,1.5945262521221946,-0.4554737478778055,-0.916673318748042,0.029838338869766712,-6.434607420363614e-05,-0.8500000000000001,-1.25,True
Hybrid w/o Rerank,Retrieval-noise perturbation,0,1.8324129874843704,2.113976911138897,2.5450180381727368,1.6124819618272632,-0.24501803817273704,0.2815639236545264,0.7593031424516472,,-0.8500000000000001,-1.25,True
Hybrid w/o Rerank,Retrieval-noise perturbation,1,1.9808184030475737,2.001460212809738,2.5450180381727368,1.6124819618272632,-0.24501803817273704,0.020641809762164343,0.46962530801275226,-0.28967783443889494,-0.8500000000000001,-1.25,True
Hybrid w/o Rerank,Retrieval-noise perturbation,2,2.093558013409338,1.9185082377522307,2.5450180381727368,1.6124819618272632,-0.24501803817273704,-0.17504977565710722,0.29746823551587304,-0.17215707249687923,-0.8500000000000001,-1.25,True
Hybrid w/o Rerank,Retrieval-noise perturbation,3,2.1793042265928313,1.8574857618712706,2.5450180381727368,1.6124819618272632,-0.24501803817273704,-0.3218184647215607,0.19377345401630652,-0.10369478149956651,-0.8500000000000001,-1.25,True
Hybrid w/o Rerank,Retrieval-noise perturbation,4,2.244602835972553,1.8127078544526518,2.5450180381727368,1.6124819618272632,-0.24501803817273704,-0.43189498151990113,0.13033970179061097,-0.06343375222569556,-0.8500000000000001,-1.25,True
Hybrid w/o Rerank,Retrieval-noise perturbation,5,2.294397621085788,1.7799452519671317,2.5450180381727368,1.6124819618272632,-0.24501803817273704,-0.5144523691186564,0.09085454700530585,-0.03948515478530512,-0.8500000000000001,-1.25,True
Hybrid w/o Rerank,Retrieval-noise perturbation,6,2.3324249972258233,1.7560545874081004,2.5450180381727368,1.6124819618272632,-0.24501803817273704,-0.5763704098177229,0.06580889987523128,-0.025045647130074566,-0.8500000000000001,-1.25,True
Hybrid w/o Rerank,Retrieval-noise perturbation,7,2.3615109977940896,1.738702057452067,2.5450180381727368,1.6124819618272632,-0.24501803817273704,-0.6228089403420225,0.04960634640806507,-0.01620255346716621,-0.8500000000000001,-1.25,True
Hybrid w/o Rerank,Retrieval-noise perturbation,8,2.383794837044779,1.7261569988095313,2.5450180381727368,1.6124819618272632,-0.24501803817273704,-0.6576378382352475,0.038914934614866004,-0.010691411793199067,-0.8500000000000001,-1.25,True
Hybrid w/o Rerank,Retrieval-noise perturbation,9,2.400897267707122,1.7171377560519556,2.5450180381727368,1.6124819618272632,-0.24501803817273704,-0.6837595116551662,0.03172363174440361,-0.007191302870462393,-0.8500000000000001,-1.25,True
Hybrid w/o Rerank,Retrieval-noise perturbation,10,2.4140474182200697,1.7106966514999646,2.5450180381727368,1.6124819618272632,-0.24501803817273704,-0.7033507667201051,0.026799428558290983,-0.004924203186112627,-0.8500000000000001,-1.25,True
Hybrid w/o Rerank,Retrieval-noise perturbation,11,2.424178392943219,1.7061341849244096,2.5450180381727368,1.6124819618272632,-0.24501803817273704,-0.7180442080188092,0.023372958750233437,-0.003426469808057546,-0.8500000000000001,-1.25,True
Hybrid w/o Rerank,Retrieval-noise perturbation,12,2.4319993643114843,1.7029350753186472,2.5450180381727368,1.6124819618272632,-0.24501803817273704,-0.7290642889928372,0.020954986381641328,-0.002417972368592109,-0.8500000000000001,-1.25,True
Hybrid w/o Rerank,Retrieval-noise perturbation,13,2.4380499673081837,1.7007206175848253,2.5450180381727368,1.6124819618272632,-0.24501803817273704,-0.7373293497233584,0.01922822855438559,-0.0017267578272557385,-0.8500000000000001,-1.25,True
Hybrid w/o Rerank,Retrieval-noise perturbation,14,2.4427413653662233,1.699213220094974,2.5450180381727368,1.6124819618272632,-0.24501803817273704,-0.7435281452712492,0.017982828961070972,-0.0012453995933146174,-0.8500000000000001,-1.25,True
Hybrid w/o Rerank,Retrieval-noise perturbation,15,2.446387273932481,1.6982100320003133,2.5450180381727368,1.6124819618272632,-0.24501803817273704,-0.7481772419321675,0.01707732967021235,-0.0009054992908586225,-0.8500000000000001,-1.25,True
Hybrid w/o Rerank,Retrieval-noise perturbation,16,2.4492274141760375,1.6975633497481815,2.5450180381727368,1.6124819618272632,-0.24501803817273704,-0.751664064427856,0.016414686216226784,-0.0006626434539855654,-0.8500000000000001,-1.25,True
Hybrid w/o Rerank,Retrieval-noise perturbation,17,2.4514452576783623,1.6971660763787395,2.5450180381727368,1.6124819618272632,-0.24501803817273704,-0.7542791812996228,0.01592726450681594,-0.00048742170941084434,-0.8500000000000001,-1.25,True
Hybrid w/o Rerank,Retrieval-noise perturbation,18,2.453181463110421,1.6969409441569734,2.5450180381727368,1.6124819618272632,-0.24501803817273704,-0.7562405189534476,0.015567276215346657,-0.00035998829146928306,-0.8500000000000001,-1.25,True
Hybrid w/o Rerank,Retrieval-noise perturbation,19,2.4545440601128767,1.6968325379190605,2.5450180381727368,1.6124819618272632,-0.24501803817273704,-0.7577115221938162,0.015300560392994118,-0.0002667158223525392,-0.8500000000000001,-1.25,True
Hybrid w/o Rerank,Retrieval-noise perturbation,20,2.4556161754953,1.6968014008712076,2.5450180381727368,1.6124819618272632,-0.24501803817273704,-0.7588147746240925,0.015102460850880689,-0.000198099542113429,-0.8500000000000001,-1.25,True
Hybrid w/o Rerank,Retrieval-noise perturbation,21,2.4564619011655004,1.6968196872187007,2.5450180381727368,1.6124819618272632,-0.24501803817273704,-0.7596422139467998,0.014955041325845922,-0.00014741952503476673,-0.8500000000000001,-1.25,True
Hybrid w/o Rerank,Retrieval-noise perturbation,22,2.4571307558988584,1.6968679624600282,2.5450180381727368,1.6124819618272632,-0.24501803817273704,-0.7602627934388302,0.014845171488281385,-0.00010986983756453711,-0.8500000000000001,-1.25,True
Hybrid w/o Rerank,Retrieval-noise perturbation,23,2.4576610821478644,1.6969328540900115,2.5450180381727368,1.6124819618272632,-0.24501803817273704,-0.7607282280578529,0.0147631909699058,-8.198051837558437e-05,-0.8500000000000001,-1.25,True
Hybrid w/o Rerank,Retrieval-noise perturbation,24,2.4580826355497787,1.6970053315276583,2.5450180381727368,1.6124819618272632,-0.24501803817273704,-0.7610773040221204,0.014701964254725492,-6.122671518030837e-05,-0.8500000000000001,-1.25,True
Hybrid w/o Rerank,Retrieval-noise perturbation,25,2.458418561834797,1.697079450839476,2.5450180381727368,1.6124819618272632,-0.24501803817273704,-0.7613391109953209,0.014656204449176861,-4.5759805548630655e-05,-0.8500000000000001,-1.25,True
Hybrid w/o Rerank,Coverage-capped deployment,0,1.70674109847202,2.090993602716409,2.3704737478778055,1.5945262521221946,-0.07047374787780547,0.38425250424438895,0.687020860093262,,-0.8500000000000001,-1.25,True
Hybrid w/o Rerank,Coverage-capped deployment,1,1.850945749040779,1.9752240529456169,2.3704737478778055,1.5945262521221946,-0.07047374787780547,0.12427830390483785,0.4148401571273955,-0.2721807029658665,-0.8500000000000001,-1.25,True
Hybrid w/o Rerank,Coverage-capped deployment,2,1.960236640999267,1.8895342946494416,2.3704737478778055,1.5945262521221946,-0.07047374787780547,-0.07070234634982553,0.25532422901583135,-0.15951592811156418,-0.8500000000000001,-1.25,True
Hybrid w/o Rerank,Coverage-capped deployment,3,2.0431488553146258,1.8262110212738025,2.3704737478778055,1.5945262521221946,-0.07047374787780547,-0.21693783404082323,0.16081941754833104,-0.09450481146750031,-0.8500000000000001,-1.25,True
Hybrid w/o Rerank,Coverage-capped deployment,4,2.1061165736887335,1.779502123879662,2.3704737478778055,1.5945262521221946,-0.07047374787780547,-0.3266144498090715,0.1041007886776664,-0.056718628870664645,-0.8500000000000001,-1.25,True
Hybrid w/o Rerank,Coverage-capped deployment,5,2.153992715308513,1.7451208036732555,2.3704737478778055,1.5945262521221946,-0.07047374787780547,-0.4088719116352575,0.06954275641913224,-0.034558032258534155,-0.8500000000000001,-1.25,True
Hybrid w/o Rerank,Coverage-capped deployment,6,2.1904396143798825,1.7198746063749855,2.3704737478778055,1.5945262521221946,-0.07047374787780547,-0.4705650080048971,0.04812449913823111,-0.021418257280901132,-0.8500000000000001,-1.25,True
Hybrid w/o Rerank,Coverage-capped deployment,7,2.2182228167543334,1.7013879864722068,2.3704737478778055,1.5945262521221946,-0.07047374787780547,-0.5168348302821266,0.03459977629625683,-0.013524722841974278,-0.8500000000000001,-1.25,True
Hybrid w/o Rerank,Coverage-capped deployment,8,2.2394320818340385,1.6878948848439899,2.3704737478778055,1.5945262521221946,-0.07047374787780547,-0.5515371969900487,0.025889619815863657,-0.008710156480393173,-0.8500000000000001,-1.25,True
Hybrid w/o Rerank,Coverage-capped deployment,9,2.255647677181877,1.6780837051608866,2.3704737478778055,1.5945262521221946,-0.07047374787780547,-0.5775639720209904,0.0201668744697796,-0.0057227453460840585,-0.8500000000000001,-1.25,True
Hybrid w/o Rerank,Coverage-capped deployment,10,2.268065550319345,1.6709814970251486,2.3704737478778055,1.5945262521221946,-0.07047374787780547,-0.5970840532941966,0.01633284340034332,-0.003834031069436278,-0.8500000000000001,-1.25,True
Hybrid w/o Rerank,Coverage-capped deployment,11,2.2775915817725156,1.6658674675234144,2.3704737478778055,1.5945262521221946,-0.07047374787780547,-0.6117241142491012,0.013716665795333906,-0.002616177605009415,-0.8500000000000001,-1.25,True
Hybrid w/o Rerank,Coverage-capped deployment,12,2.284912585440451,1.662208425475171,2.3704737478778055,1.5945262521221946,-0.07047374787780547,-0.6227041599652801,0.011901589107413707,-0.0018150766879201988,-0.8500000000000001,-1.25,True
Hybrid w/o Rerank,Coverage-capped deployment,13,2.29054981665619,1.659610622403776,2.3704737478778055,1.5945262521221946,-0.07047374787780547,-0.6309391942524141,0.010623810036867513,-0.0012777790705461936,-0.8500000000000001,-1.25,True
Hybrid w/o Rerank,Coverage-capped deployment,14,2.294899317193768,1.6577838472260038,2.3704737478778055,1.5945262521221946,-0.07047374787780547,-0.6371154699677644,0.009713017911533837,-0.0009107921253336763,-0.8500000000000001,-1.25,True
Hybrid w/o Rerank,Coverage-capped deployment,15,2.298262351611344,1.6565146748570667,2.3704737478778055,1.5945262521221946,-0.07047374787780547,-0.6417476767542771,0.00905705030390917,-0.000655967607624668,-0.8500000000000001,-1.25,True
Hybrid w/o Rerank,Coverage-capped deployment,16,2.3008683819064712,1.6556465500623094,2.3704737478778055,1.5945262521221946,-0.07047374787780547,-0.6452218318441618,0.008580597792291788,-0.0004764525116173809,-0.8500000000000001,-1.25,True
Hybrid w/o Rerank,Coverage-capped deployment,17,2.3028924208478316,1.6550649726862563,2.3704737478778055,1.5945262521221946,-0.07047374787780547,-0.6478274481615753,0.008232172450665829,-0.0003484253416259596,-0.8500000000000001,-1.25,True
Hybrid w/o Rerank,Coverage-capped deployment,18,2.304468148516464,1.6546864881168288,2.3704737478778055,1.5945262521221946,-0.07047374787780547,-0.6497816603996351,0.007975993141980019,-0.00025617930868581003,-0.8500000000000001,-1.25,True
Hybrid w/o Rerank,Coverage-capped deployment,19,2.3056978339919065,1.6544505144137265,2.3704737478778055,1.5945262521221946,-0.07047374787780547,-0.65124731957818,0.007786836230937714,-0.00018915691104230432,-0.8500000000000001,-1.25,True
Hybrid w/o Rerank,Coverage-capped deployment,20,2.306659846569382,1.6543132826072933,2.3704737478778055,1.5945262521221946,-0.07047374787780547,-0.6523465639620887,0.007646703014427346,-0.0001401332165103684,-0.8500000000000001,-1.25,True
Hybrid w/o Rerank,Coverage-capped deployment,21,2.3074143472333306,1.65424334998331,2.3704737478778055,1.5945262521221946,-0.07047374787780547,-0.6531709972500206,0.007542619786594443,-0.00010408322783290319,-0.8500000000000001,-1.25,True
Hybrid w/o Rerank,Coverage-capped deployment,22,2.3080076054528904,1.6542182832369212,2.3704737478778055,1.5945262521221946,-0.07047374787780547,-0.6537893222159692,0.007465157528051274,-7.746225854316901e-05,-0.8500000000000001,-1.25,True
Hybrid w/o Rerank,Coverage-capped deployment,23,2.308475276776487,1.6542222108360565,2.3704737478778055,1.5945262521221946,-0.07047374787780547,-0.6542530659404306,0.007407417905668118,-5.773962238315566e-05,-0.8500000000000001,-1.25,True
Hybrid w/o Rerank,Coverage-capped deployment,24,2.308844894226094,1.6542440204923172,2.3704737478778055,1.5945262521221946,-0.07047374787780547,-0.654600873733777,0.007364327461531676,-4.3090444136442e-05,-0.8500000000000001,-1.25,True
Hybrid w/o Rerank,Coverage-capped deployment,25,2.309137764397534,1.6542760348187475,2.3704737478778055,1.5945262521221946,-0.07047374787780547,-0.6548617295787864,0.007332139401777448,-3.218805975422831e-05,-0.8500000000000001,-1.25,True
Sparse Only,Nominal relaxation,0,1.957048727359449,1.6791201330868786,2.7181232324436793,1.2727501039741238,-0.4181232324436791,-0.27792859427257044,0.7443710028503071,,-0.8500000000000001,-1.25,True
Sparse Only,Nominal relaxation,1,2.0888121918396965,1.6102773192024562,2.7181232324436793,1.2727501039741238,-0.4181232324436791,-0.47853487263724026,0.5099570068458608,-0.23441399600444635,-0.8500000000000001,-1.25,True
Sparse Only,Nominal relaxation,2,2.1901516162237153,1.5611620348129724,2.7181232324436793,1.2727501039741238,-0.4181232324436791,-0.6289895814107429,0.3619354693841137,-0.14802153746174707,-0.8500000000000001,-1.25,True
Sparse Only,Nominal relaxation,3,2.2682451501115106,1.526414537120641,2.7181232324436793,1.2727501039741238,-0.4181232324436791,-0.7418306129908696,0.2667359336064134,-0.0951995357777003,-0.8500000000000001,-1.25,True
Sparse Only,Nominal relaxation,4,2.328549141975176,1.5020877552992111,2.7181232324436793,1.2727501039741238,-0.4181232324436791,-0.8264613866759647,0.20436373027966903,-0.06237220332674437,-0.8500000000000001,-1.25,True
Sparse Only,Nominal relaxation,5,2.375216224274614,1.485281757334828,2.7181232324436793,1.2727501039741238,-0.4181232324436791,-0.889934466939786,0.16275491993169394,-0.04160881034797509,-0.8500000000000001,-1.25,True
Sparse Only,Nominal relaxation,6,2.411410979372595,1.473871702234943,2.7181232324436793,1.2727501039741238,-0.4181232324436791,-0.9375392771376521,0.13452230347092714,-0.028232616460766802,-0.8500000000000001,-1.25,True
Sparse Only,Nominal relaxation,7,2.4395484336960047,1.466305548909953,2.7181232324436793,1.2727501039741238,-0.4181232324436791,-0.9732428847860517,0.1150676287616142,-0.019454674709312947,-0.8500000000000001,-1.25,True
Sparse Only,Nominal relaxation,8,2.4614743764784985,1.4614537859561474,2.7181232324436793,1.2727501039741238,-0.4181232324436791,-1.0000205905223511,0.10147771486180877,-0.01358991389980542,-0.8500000000000001,-1.25,True
Sparse Only,Nominal relaxation,9,2.4786018007585167,1.4584979309339405,2.7181232324436793,1.2727501039741238,-0.4181232324436791,-1.0201038698245761,0.09187277145680403,-0.009604943405004743,-0.8500000000000001,-1.25,True
Sparse Only,Nominal relaxation,10,2.4920142317388425,1.456847902437598,2.7181232324436793,1.2727501039741238,-0.4181232324436791,-1.0351663293012445,0.08501727959883781,-0.006855491857966217,-0.8500000000000001,-1.25,True
Sparse Only,Nominal relaxation,11,2.5025440510734462,1.4560808771647002,2.7181232324436793,1.2727501039741238,-0.4181232324436791,-1.046463173908746,0.08008455583891441,-0.004932723759923402,-0.8500000000000001,-1.25,True
Sparse Only,Nominal relaxation,12,2.5108319273368673,1.4558961199724954,2.7181232324436793,1.2727501039741238,-0.4181232324436791,-1.054935807364372,0.07651214834896117,-0.0035724074899532443,-0.8500000000000001,-1.25,True
Sparse Only,Nominal relaxation,13,2.517371959297282,1.4560816768411902,2.7181232324436793,1.2727501039741238,-0.4181232324436791,-1.0612902824560917,0.07391153927981192,-0.0026006090691492456,-0.8500000000000001,-1.25,True
Sparse Only,Nominal relaxation,14,2.522546006820757,1.4564898680458758,2.7181232324436793,1.2727501039741238,-0.4181232324436791,-1.0660561387748813,0.07201075208350251,-0.0019007871963094142,-0.8500000000000001,-1.25,True
Sparse Only,Nominal relaxation,15,2.52664983201249,1.4570193009985164,2.7181232324436793,1.2727501039741238,-0.4181232324436791,-1.0696305310139735,0.07061720004469699,-0.0013935520388055206,-0.8500000000000001,-1.25,True
Sparse Only,Nominal relaxation,16,2.5299130312320646,1.4576017060387718,2.7181232324436793,1.2727501039741238,-0.4181232324436791,-1.0723113251932928,0.06959319462598347,-0.0010240054187135167,-0.8500000000000001,-1.25,True
Sparse Only,Nominal relaxation,17,2.5325142548171384,1.4581923339893565,2.7181232324436793,1.2727501039741238,-0.4181232324436791,-1.0743219208277819,0.06883951324859222,-0.0007536813773912493,-0.8500000000000001,-1.25,True
Sparse Only,Nominal relaxation,18,2.5345928465673704,1.4587629790137215,2.7181232324436793,1.2727501039741238,-0.4181232324436791,-1.0758298675536488,0.06828419222040384,-0.0005553210281883797,-0.8500000000000001,-1.25,True
Sparse Only,Nominal relaxation,19,2.5362577598510283,1.459296932252979,2.7181232324436793,1.2727501039741238,-0.4181232324436791,-1.0769608275980493,0.06787476926224895,-0.00040942295815489527,-0.8500000000000001,-1.25,True
Sparse Only,Nominal relaxation,20,2.5375943994746883,1.4597853518433388,2.7181232324436793,1.2727501039741238,-0.4181232324436791,-1.0778090476313495,0.0675728434786445,-0.0003019257836044398,-0.8500000000000001,-1.25,True
Sparse Only,Nominal relaxation,21,2.538669881560994,1.4602246689046694,2.7181232324436793,1.2727501039741238,-0.4181232324436791,-1.0784452126563246,0.06735021763892149,-0.00022262583972301742,-0.8500000000000001,-1.25,True
Sparse Only,Nominal relaxation,22,2.539537085091629,1.4606147486665728,2.7181232324436793,1.2727501039741238,-0.4181232324436791,-1.0789223364250562,0.06718613675146831,-0.0001640808874531774,-0.8500000000000001,-1.25,True
Sparse Only,Nominal relaxation,23,2.5402377790713064,1.460957599819702,2.7181232324436793,1.2727501039741238,-0.4181232324436791,-1.0792801792516045,0.06706529601395794,-0.00012084073751036928,-0.8500000000000001,-1.25,True
Sparse Only,Nominal relaxation,24,2.5408050413613767,1.461256479989861,2.7181232324436793,1.2727501039741238,-0.4181232324436791,-1.0795485613715157,0.06697639468728647,-8.890132667147e-05,-0.8500000000000001,-1.25,True
Sparse Only,Nominal relaxation,25,2.5412651337773386,1.4615152858158895,2.7181232324436793,1.2727501039741238,-0.4181232324436791,-1.0797498479614491,0.06691108093962794,-6.531374765852971e-05,-0.8500000000000001,-1.25,True
Sparse Only,No calibration control,0,1.7495693619588006,2.0479723382435866,2.429957447165001,1.5609158892528021,-0.12995744716500085,0.29840297628478596,0.7001519309940724,,-0.8500000000000001,-1.25,True
Sparse Only,No calibration control,1,1.8906693978820774,1.9372366228637619,2.429957447165001,1.5609158892528021,-0.12995744716500085,0.04656722498168442,0.43244889464487185,-0.2677030363492005,-0.8500000000000001,-1.25,True
Sparse Only,No calibration control,2,1.9977089976462732,1.8553994091506314,2.429957447165001,1.5609158892528021,-0.12995744716500085,-0.1423095884956418,0.27355926560275934,-0.1588896290421125,-0.8500000000000001,-1.25,True
Sparse Only,No calibration control,3,2.0789967929114623,1.795029594307826,2.429957447165001,1.5609158892528021,-0.12995744716500085,-0.2839671986036363,0.17798260772866262,-0.09557665787409672,-0.8500000000000001,-1.25,True
Sparse Only,No calibration control,4,2.1407993585772496,1.7505889523926175,2.429957447165001,1.5609158892528021,-0.12995744716500085,-0.3902104061846321,0.11958827107656225,-0.058394336652100365,-0.8500000000000001,-1.25,True
Sparse Only,No calibration control,5,2.1878457597766134,1.717952947906234,2.429957447165001,1.5609158892528021,-0.12995744716500085,-0.46989281187037935,0.08327870696057371,-0.03630956411598854,-0.8500000000000001,-1.25,True
Sparse Only,No calibration control,6,2.2237069765446553,1.6940523604099658,2.429957447165001,1.5609158892528021,-0.12995744716500085,-0.5296546161346896,0.06026457658329632,-0.02301413037727739,-0.8500000000000001,-1.25,True
Sparse Only,No calibration control,7,2.2510813142915578,1.6766053449586356,2.429957447165001,1.5609158892528021,-0.12995744716500085,-0.5744759693329222,0.045380721073269695,-0.014883855510026626,-0.8500000000000001,-1.25,True
Sparse Only,No calibration control,8,2.2720091604935577,1.6639171762619607,2.429957447165001,1.5609158892528021,-0.12995744716500085,-0.608091984231597,0.035556926387987464,-0.00982379468528223,-0.8500000000000001,-1.25,True
Sparse Only,No calibration control,9,2.2880346322452705,1.6547306368396677,2.429957447165001,1.5609158892528021,-0.12995744716500085,-0.6333039954056028,0.02894329225952737,-0.0066136341284600934,-0.8500000000000001,-1.25,True
Sparse Only,No calibration control,10,2.3003272933522316,1.6481142895661247,2.429957447165001,1.5609158892528021,-0.12995744716500085,-0.6522130037861069,0.024407537794724692,-0.0045357544648026785,-0.8500000000000001,-1.25,True
Sparse Only,No calibration control,11,2.3097738417357894,1.6433790816643041,2.429957447165001,1.5609158892528021,-0.12995744716500085,-0.6663947600714852,0.02124427711666082,-0.0031632606780638735,-0.8500000000000001,-1.25,True
Sparse Only,No calibration control,12,2.317047206642727,1.6400161293572082,2.429957447165001,1.5609158892528021,-0.12995744716500085,-0.6770310772855188,0.019005570399372444,-0.0022387067172883746,-0.8500000000000001,-1.25,True
Sparse Only,No calibration control,13,2.322658646826924,1.63765033163088,2.429957447165001,1.5609158892528021,-0.12995744716500085,-0.6850083151960442,0.017401207201065014,-0.0016043631983074305,-0.8500000000000001,-1.25,True
Sparse Only,No calibration control,14,2.3269970526633865,1.6360058090344485,2.429957447165001,1.5609158892528021,-0.12995744716500085,-0.690991243628938,0.016239338888742162,-0.0011618683123228515,-0.8500000000000001,-1.25,True
Sparse Only,No calibration control,15,2.330358612370335,1.6348801724167261,2.429957447165001,1.5609158892528021,-0.12995744716500085,-0.6954784399536087,0.01539064307640833,-0.0008486958123338322,-0.8500000000000001,-1.25,True
Sparse Only,No calibration control,16,2.332969219074115,1.6341253818770034,2.429957447165001,1.5609158892528021,-0.12995744716500085,-0.6988438371971117,0.014766346198502674,-0.000624296877905656,-0.8500000000000001,-1.25,True
Sparse Only,No calibration control,17,2.3350014067485128,1.6336335216187736,2.429957447165001,1.5609158892528021,-0.12995744716500085,-0.7013678851297391,0.014304503668490327,-0.000461842530012347,-0.8500000000000001,-1.25,True
Sparse Only,No calibration control,18,2.3365871606009576,1.633326239521748,2.429957447165001,1.5609158892528021,-0.12995744716500085,-0.7032609210792096,0.013961269239123011,-0.00034323442936731556,-0.8500000000000001,-1.25,True
Sparse Only,No calibration control,19,2.3378276148605077,1.6331469168191957,2.429957447165001,1.5609158892528021,-0.12995744716500085,-0.7046806980413121,0.01370522734375115,-0.000256041895371862,-0.8500000000000001,-1.25,True
Sparse Only,No calibration control,20,2.3388004008174503,1.6330548700545613,2.429957447165001,1.5609158892528021,-0.12995744716500085,-0.705745530762889,0.013513639649926072,-0.00019158769382507726,-0.8500000000000001,-1.25,True
Sparse Only,No calibration control,21,2.3395652198528496,1.6330210645487777,2.429957447165001,1.5609158892528021,-0.12995744716500085,-0.7065441553040719,0.01336991106291501,-0.00014372858701106224,-0.8500000000000001,-1.25,True
Sparse Only,No calibration control,22,2.3401680746705837,1.6330249509606247,2.429957447165001,1.5609158892528021,-0.12995744716500085,-0.707143123709959,0.013261848193323773,-0.00010806286959123661,-0.8500000000000001,-1.25,True
Sparse Only,No calibration control,23,2.3406444854330677,1.6330521354186933,2.429957447165001,1.5609158892528021,-0.12995744716500085,-0.7075923500143744,0.013180443144235828,-8.140504908794519e-05,-0.8500000000000001,-1.25,True
Sparse Only,No calibration control,24,2.341021937313753,1.6330926675710669,2.429957447165001,1.5609158892528021,-0.12995744716500085,-0.707929269742686,0.013119012240905378,-6.143090333044984e-05,-0.8500000000000001,-1.25,True
Sparse Only,No calibration control,25,2.341321745585589,1.6331397860466692,2.429957447165001,1.5609158892528021,-0.12995744716500085,-0.7081819595389198,0.01307257886256573,-4.643337833964804e-05,-0.8500000000000001,-1.25,True
Sparse Only,Retrieval-noise perturbation,0,1.8296381154561414,1.7166555109258181,2.541164049244641,1.3020746179107954,-0.24116404924464052,-0.11298260453032327,0.6781464713067301,,-0.8500000000000001,-1.25,True
Sparse Only,Retrieval-noise perturbation,1,1.9595761624058048,1.6398190105883204,2.541164049244641,1.3020746179107954,-0.24116404924464052,-0.31975715181748443,0.45231574490277315,-0.22583072640395696,-0.8500000000000001,-1.25,True
Sparse Only,Retrieval-noise perturbation,2,2.059153759482539,1.5843156971996837,2.541164049244641,1.3020746179107954,-0.24116404924464052,-0.4748380622828552,0.3119939462747022,-0.14032179862807093,-0.8500000000000001,-1.25,True
Sparse Only,Retrieval-noise perturbation,3,2.1355999286376135,1.54445118350573,2.541164049244641,1.3020746179107954,-0.24116404924464052,-0.5911487451318835,0.2232286554733472,-0.08876529080135503,-0.8500000000000001,-1.25,True
Sparse Only,Retrieval-noise perturbation,4,2.1943978217223643,1.5160160644537095,2.541164049244641,1.3020746179107954,-0.24116404924464052,-0.6783817572686548,0.16601775909890595,-0.05721089637444124,-0.8500000000000001,-1.25,True
Sparse Only,Retrieval-noise perturbation,5,2.2397107524972366,1.4959042361260035,2.541164049244641,1.3020746179107954,-0.24116404924464052,-0.7438065163712331,0.128444011017332,-0.03757374808157396,-0.8500000000000001,-1.25,True
Sparse Only,Retrieval-noise perturbation,6,2.2747034946762774,1.4818284089781106,2.541164049244641,1.3020746179107954,-0.24116404924464052,-0.7928750856981668,0.1033126525439519,-0.02513135847338009,-0.8500000000000001,-1.25,True
Sparse Only,Retrieval-noise perturbation,7,2.3017847279118038,1.4721082152184368,2.541164049244641,1.3020746179107954,-0.24116404924464052,-0.829676512693367,0.08621388369514692,-0.017098768848804985,-0.8500000000000001,-1.25,True
Sparse Only,Retrieval-noise perturbation,8,2.3227900944174826,1.4655125114777157,2.541164049244641,1.3020746179107954,-0.24116404924464052,-0.857277582939767,0.07439912920044578,-0.011814754494701138,-0.8500000000000001,-1.25,True
Sparse Only,Retrieval-noise perturbation,9,2.3391205058073403,1.461142120182773,2.541164049244641,1.3020746179107954,-0.24116404924464052,-0.8779783856245673,0.06612406372374602,-0.008275065476699761,-0.8500000000000001,-1.25,True
Sparse Only,Retrieval-noise perturbation,10,2.35184671515353,1.4583427275153626,2.541164049244641,1.3020746179107954,-0.24116404924464052,-0.8935039876381672,0.06026077506675046,-0.005863288656995556,-0.8500000000000001,-1.25,True
Sparse Only,Retrieval-noise perturbation,11,2.3617884448303235,1.456640255681956,2.541164049244641,1.3020746179107954,-0.24116404924464052,-0.9051481891483675,0.05606614383860736,-0.004194631228143099,-0.8500000000000001,-1.25,True
Sparse Only,Retrieval-noise perturbation,12,2.369574312401654,1.4556929721206366,2.541164049244641,1.3020746179107954,-0.24116404924464052,-0.9138813402810173,0.05304163653998581,-0.0030245072986215538,-0.8500000000000001,-1.25,True
Sparse Only,Retrieval-noise perturbation,13,2.3756872564405525,1.4552560528100476,2.541164049244641,1.3020746179107954,-0.24116404924464052,-0.9204312036305049,0.05084712095452109,-0.0021945155854647194,-0.8500000000000001,-1.25,True
Sparse Only,Retrieval-noise perturbation,14,2.3804990054588586,1.455155404316238,2.541164049244641,1.3020746179107954,-0.24116404924464052,-0.9253436011426206,0.04924698346119613,-0.0016001374933249587,-0.8500000000000001,-1.25,True
Sparse Only,Retrieval-noise perturbation,15,2.384296261243568,1.4552683619668607,2.541164049244641,1.3020746179107954,-0.24116404924464052,-0.9290278992767074,0.048075826130264815,-0.0011711573309313161,-0.8500000000000001,-1.25,True
Sparse Only,Retrieval-noise perturbation,16,2.3873006116195135,1.455509488742241,2.541164049244641,1.3020746179107954,-0.24116404924464052,-0.9317911228772724,0.04721621702488394,-0.0008596091053808749,-0.8500000000000001,-1.25,True
Sparse Only,Retrieval-noise perturbation,17,2.3896836934875254,1.4558201529098294,2.541164049244641,1.3020746179107954,-0.24116404924464052,-0.933863540577696,0.04658398771244149,-0.0006322293124424519,-0.8500000000000001,-1.25,True
Sparse Only,Retrieval-noise perturbation,18,2.3915787547299585,1.4561609008769445,2.541164049244641,1.3020746179107954,-0.24116404924464052,-0.935417853853014,0.04611834293336848,-0.00046564477907300866,-0.8500000000000001,-1.25,True
Sparse Only,Retrieval-noise perturbation,19,2.3930894830301654,1.4565058942206628,2.541164049244641,1.3020746179107954,-0.24116404924464052,-0.9365835888095027,0.045775096262299725,-0.00034324667106875456,-0.8500000000000001,-1.25,True
Sparse Only,Retrieval-noise perturbation,20,2.3942967581210777,1.4568388680942086,2.541164049244641,1.3020746179107954,-0.24116404924464052,-0.9374578900268691,0.04552197433680763,-0.00025312192549209467,-0.8500000000000001,-1.25,True
Sparse Only,Retrieval-noise perturbation,21,2.39526382439784,1.4571502084579462,2.541164049244641,1.3020746179107954,-0.24116404924464052,-0.938113615939894,0.04533531439389462,-0.0001866599429130103,-0.8500000000000001,-1.25,True
Sparse Only,Retrieval-noise perturbation,22,2.396040260371032,1.4574348499963694,2.541164049244641,1.3020746179107954,-0.24116404924464052,-0.9386054103746626,0.045197715810715265,-0.0001375985831793547,-0.8500000000000001,-1.25,True
Sparse Only,Retrieval-noise perturbation,23,2.3966650304513903,1.4576907742506515,2.541164049244641,1.3020746179107954,-0.24116404924464052,-0.9389742562007388,0.04509635454620276,-0.00010136126451250338,-0.8500000000000001,-1.25,True
Sparse Only,Retrieval-noise perturbation,24,2.3971688357850445,1.4579179452147486,2.541164049244641,1.3020746179107954,-0.24116404924464052,-0.9392508905702959,0.04502176416444187,-7.459038176089311e-05,-0.8500000000000001,-1.25,True
Sparse Only,Retrieval-noise perturbation,25,2.3975759288371954,1.4581175624897316,2.541164049244641,1.3020746179107954,-0.24116404924464052,-0.9394583663474638,0.04496694887500805,-5.4815289433816916e-05,-0.8500000000000001,-1.25,True
Sparse Only,Coverage-capped deployment,0,1.7721431220197223,1.6791201330868786,2.461309891694059,1.2727501039741238,-0.16130989169405874,-0.09302298893284378,0.6400874369844614,,-0.8500000000000001,-1.25,True
Sparse Only,Coverage-capped deployment,1,1.899078495693877,1.6028810949888672,2.461309891694059,1.2727501039741238,-0.16130989169405874,-0.2961974007050099,0.42509061387669,-0.21499682310777135,-0.8500000000000001,-1.25,True
Sparse Only,Coverage-capped deployment,2,1.9963078793725388,1.5477296698384044,2.461309891694059,1.2727501039741238,-0.16130989169405874,-0.4485782095341344,0.2918406331059714,-0.1332499807707186,-0.8500000000000001,-1.25,True
Sparse Only,Coverage-capped deployment,3,2.070913035472663,1.5080492193166852,2.461309891694059,1.2727501039741238,-0.16130989169405874,-0.5628638161559778,0.20777537902854135,-0.08406525407743007,-0.8500000000000001,-1.25,True
Sparse Only,Coverage-capped deployment,4,2.1282638907708926,1.479685869648532,2.461309891694059,1.2727501039741238,-0.16130989169405874,-0.6485780211223606,0.15374204984616732,-0.054033329182374024,-0.8500000000000001,-1.25,True
Sparse Only,Coverage-capped deployment,5,2.1724365324697676,1.4595728576226201,2.461309891694059,1.2727501039741238,-0.16130989169405874,-0.7128636748471475,0.11835055895033322,-0.0353914908958341,-0.8500000000000001,-1.25,True
Sparse Only,Coverage-capped deployment,6,2.2065283989308426,1.4454504837901048,2.461309891694059,1.2727501039741238,-0.16130989169405874,-0.7610779151407379,0.09473903024323696,-0.023611528707096263,-0.8500000000000001,-1.25,True
Sparse Only,Coverage-capped deployment,7,2.232896078481791,1.4356574831208606,2.461309891694059,1.2727501039741238,-0.16130989169405874,-0.7972385953609304,0.07871168424662749,-0.016027345996609474,-0.8500000000000001,-1.25,True
Sparse Only,Coverage-capped deployment,8,2.2533348253002705,1.4289757197741957,2.461309891694059,1.2727501039741238,-0.16130989169405874,-0.8243591055260748,0.0676600712736124,-0.011051612973015087,-0.8500000000000001,-1.25,True
Sparse Only,Coverage-capped deployment,9,2.2692141647530026,1.4245146766030696,2.461309891694059,1.2727501039741238,-0.16130989169405874,-0.844699488149933,0.05993325381425946,-0.0077268174593529415,-0.8500000000000001,-1.25,True
Sparse Only,Coverage-capped deployment,10,2.2815804011938163,1.4216256260759894,2.461309891694059,1.2727501039741238,-0.16130989169405874,-0.8599547751178269,0.0544666108365799,-0.005466642977679556,-0.8500000000000001,-1.25,True
Sparse Only,Coverage-capped deployment,11,2.291234165960976,1.4198379256172284,2.461309891694059,1.2727501039741238,-0.16130989169405874,-0.8713962403437474,0.05056057975934869,-0.003906031077231212,-0.8500000000000001,-1.25,True
Sparse Only,Coverage-capped deployment,12,2.2987891321086815,1.4188117928454937,2.461309891694059,1.2727501039741238,-0.16130989169405874,-0.8799773392631878,0.04774701425216494,-0.0028135655071837504,-0.8500000000000001,-1.25,True
Sparse Only,Coverage-capped deployment,13,2.3047165100544995,1.4183033466017316,2.461309891694059,1.2727501039741238,-0.16130989169405874,-0.8864131634527679,0.045707233612723996,-0.0020397806394409426,-0.8500000000000001,-1.25,True
Sparse Only,Coverage-capped deployment,14,2.3093788007819454,1.4181387691869922,2.461309891694059,1.2727501039741238,-0.16130989169405874,-0.8912400315949531,0.04422092035812448,-0.001486313254599518,-0.8500000000000001,-1.25,True
Sparse Only,Coverage-capped deployment,15,2.313055427360038,1.4181952446584458,2.461309891694059,1.2727501039741238,-0.16130989169405874,-0.8948601827015921,0.04313367514364976,-0.0010872452144747163,-0.8500000000000001,-1.25,True
Sparse Only,Coverage-capped deployment,16,2.3159622213755893,1.418386925344018,2.461309891694059,1.2727501039741238,-0.16130989169405874,-0.8975752960315713,0.042336029005733036,-0.0007976461379167257,-0.8500000000000001,-1.25,True
Sparse Only,Coverage-capped deployment,17,2.3182662558752973,1.418654624846242,2.461309891694059,1.2727501039741238,-0.16130989169405874,-0.8996116310290554,0.04174961095917287,-0.0005864180465601637,-0.8500000000000001,-1.25,True
Sparse Only,Coverage-capped deployment,18,2.320097151110156,1.4189582688329871,2.461309891694059,1.2727501039741238,-0.16130989169405874,-0.9011388822771689,0.04131786557461324,-0.0004317453845596314,-0.8500000000000001,-1.25,True
Sparse Only,Coverage-capped deployment,19,2.321555704105164,1.4192713833919104,2.461309891694059,1.2727501039741238,-0.16130989169405874,-0.9022843207132536,0.04099971827085715,-0.00031814730375609446,-0.8500000000000001,-1.25,True
Sparse Only,Coverage-capped deployment,20,2.3227204855535772,1.41957708601326,2.461309891694059,1.2727501039741238,-0.16130989169405874,-0.9031433995403173,0.040765186149092206,-0.00023453212176494098,-0.8500000000000001,-1.25,True
Sparse Only,Coverage-capped deployment,21,2.323652891002678,1.4198651823420627,2.461309891694059,1.2727501039741238,-0.16130989169405874,-0.9037877086606152,0.040592296122551705,-0.0001728900265405009,-0.8500000000000001,-1.25,True
Sparse Only,Coverage-capped deployment,22,2.3244010151606194,1.420130074659781,2.461309891694059,1.2727501039741238,-0.16130989169405874,-0.9042709405008384,0.04046489623295377,-0.00012739988959793724,-0.8500000000000001,-1.25,True
Sparse Only,Coverage-capped deployment,23,2.325002628938102,1.420369264557096,2.461309891694059,1.2727501039741238,-0.16130989169405874,-0.904633364381006,0.04037108645124282,-9.380978171094623e-05,-0.8500000000000001,-1.25,True
Sparse Only,Coverage-capped deployment,24,2.3254874714182057,1.420582289127074,2.461309891694059,1.2727501039741238,-0.16130989169405874,-0.9049051822911316,0.040302084816686706,-6.900163455611508e-05,-0.8500000000000001,-1.25,True
Sparse Only,Coverage-capped deployment,25,2.3258790179602866,1.420769972236561,2.461309891694059,1.2727501039741238,-0.16130989169405874,-0.9051090457237256,0.04025140296072226,-5.068185596444896e-05,-0.8500000000000001,-1.25,True
VERITA-QA,Nominal relaxation,0,1.8973326742752734,1.8779558820271294,2.6351842698267687,1.4280905328336948,-0.33518426982676847,-0.019376792248144037,0.7468038094628182,,-0.8500000000000001,-1.25,True
VERITA-QA,Nominal relaxation,1,2.036214596051324,1.790198901548239,2.6351842698267687,1.4280905328336948,-0.33518426982676847,-0.24601569450308514,0.4898871407957708,-0.25691666866704743,-0.8500000000000001,-1.25,True
VERITA-QA,Nominal relaxation,2,2.1424210350352486,1.7264261638409575,2.6351842698267687,1.4280905328336948,-0.33518426982676847,-0.4159948711942911,0.3318197542907043,-0.15806738650506647,-0.8500000000000001,-1.25,True
VERITA-QA,Nominal relaxation,3,2.2237732123242577,1.6802939586115622,2.6351842698267687,1.4280905328336948,-0.33518426982676847,-0.5434792537126956,0.23286562620942663,-0.09895412808127768,-0.8500000000000001,-1.25,True
VERITA-QA,Nominal relaxation,4,2.286196144173399,1.6471036035719002,2.6351842698267687,1.4280905328336948,-0.33518426982676847,-0.6390925406014987,0.1697594370012304,-0.06310618920819624,-0.8500000000000001,-1.25,True
VERITA-QA,Nominal relaxation,5,2.334182646132634,1.623380140364533,2.6351842698267687,1.4280905328336948,-0.33518426982676847,-0.7108025057681009,0.12874000827605436,-0.04101942872517603,-0.8500000000000001,-1.25,True
VERITA-QA,Nominal relaxation,6,2.371143044152135,1.6065580645090822,2.6351842698267687,1.4280905328336948,-0.33518426982676847,-0.7645849796430526,0.10156842871806833,-0.027171579557986034,-0.8500000000000001,-1.25,True
VERITA-QA,Nominal relaxation,7,2.399668875553323,1.594747040504056,2.6351842698267687,1.4280905328336948,-0.33518426982676847,-0.8049218350492668,0.0832418924886578,-0.018326536229410523,-0.8500000000000001,-1.25,True
VERITA-QA,Nominal relaxation,8,2.42173184140006,1.5865573647961329,2.6351842698267687,1.4280905328336948,-0.33518426982676847,-0.8351744766039273,0.0706736760334707,-0.012568216455187103,-0.8500000000000001,-1.25,True
VERITA-QA,Nominal relaxation,9,2.438833997390666,1.5809700396207431,2.6351842698267687,1.4280905328336948,-0.33518426982676847,-0.8578639577699227,0.06192557308118295,-0.008748102952287756,-0.8500000000000001,-1.25,True
VERITA-QA,Nominal relaxation,10,2.4521212076162286,1.5772401389718094,2.6351842698267687,1.4280905328336948,-0.33518426982676847,-0.8748810686444193,0.05575768975705475,-0.0061678833241281955,-0.8500000000000001,-1.25,True
VERITA-QA,Nominal relaxation,11,2.462468907668466,1.5748250058681743,2.6351842698267687,1.4280905328336948,-0.33518426982676847,-0.8876439018002917,0.05136160190218003,-0.0043960878548747195,-0.8500000000000001,-1.25,True
VERITA-QA,Nominal relaxation,12,2.470546985385588,1.5733309587183921,2.6351842698267687,1.4280905328336948,-0.33518426982676847,-0.8972160266671958,0.048200216739334514,-0.0031613851628455175,-0.8500000000000001,-1.25,True
VERITA-QA,Nominal relaxation,13,2.476868904896123,1.572473784578749,2.6351842698267687,1.4280905328336948,-0.33518426982676847,-0.9043951203173739,0.04591027815759924,-0.0022899385817352763,-0.8500000000000001,-1.25,True
VERITA-QA,Nominal relaxation,14,2.48182893434386,1.5720494937888525,2.6351842698267687,1.4280905328336948,-0.33518426982676847,-0.9097794405550077,0.044242041360364026,-0.001668236797235212,-0.8500000000000001,-1.25,True
VERITA-QA,Nominal relaxation,15,2.4857303859759767,1.5719127052427437,2.6351842698267687,1.4280905328336948,-0.33518426982676847,-0.913817680733233,0.04302128067454421,-0.0012207606858198189,-0.8500000000000001,-1.25,True
VERITA-QA,Nominal relaxation,16,2.4888070612235045,1.5719607003566023,2.6351842698267687,1.4280905328336948,-0.33518426982676847,-0.9168463608669022,0.04212491230155299,-0.0008963683729912159,-0.8500000000000001,-1.25,True
VERITA-QA,Nominal relaxation,17,2.4912395544736055,1.5721216835064518,2.6351842698267687,1.4280905328336948,-0.33518426982676847,-0.9191178709671537,0.0414650534422216,-0.00065985885933139,-0.8500000000000001,-1.25,True
VERITA-QA,Nominal relaxation,18,2.493167663467179,1.572346159924837,2.6351842698267687,1.4280905328336948,-0.33518426982676847,-0.9208215035423422,0.040978402429353286,-0.0004866510128683152,-0.8500000000000001,-1.25,True
VERITA-QA,Nominal relaxation,19,2.4946998486288376,1.5726006206551042,2.6351842698267687,1.4280905328336948,-0.33518426982676847,-0.9220992279737334,0.04061903808146915,-0.00035936434788413907,-0.8500000000000001,-1.25,True
VERITA-QA,Nominal relaxation,20,2.4959204533357586,1.5728629320384815,2.6351842698267687,1.4280905328336948,-0.33518426982676847,-0.9230575212972771,0.040353458155151845,-0.00026557992631730254,-0.8500000000000001,-1.25,True
VERITA-QA,Nominal relaxation,21,2.4968952235095614,1.5731189822196265,2.6351842698267687,1.4280905328336948,-0.33518426982676847,-0.9237762412899349,0.04015711146261046,-0.00019634669254138537,-0.8500000000000001,-1.25,True
VERITA-QA,Nominal relaxation,22,2.4976755339541112,1.5733602526696833,2.6351842698267687,1.4280905328336948,-0.33518426982676847,-0.924315281284428,0.040011943942522846,-0.00014516752008761347,-0.8500000000000001,-1.25,True
VERITA-QA,Nominal relaxation,23,2.4983016300233083,1.57358206874301,2.6351842698267687,1.4280905328336948,-0.33518426982676847,-0.9247195612802983,0.03990464410081543,-0.00010729984170741724,-0.8500000000000001,-1.25,True
VERITA-QA,Nominal relaxation,24,2.498805118560907,1.573782347283706,2.6351842698267687,1.4280905328336948,-0.33518426982676847,-0.9250227712772008,0.03982537769773333,-7.926640308209693e-05,-0.8500000000000001,-1.25,True
VERITA-QA,Nominal relaxation,25,2.4992108856472375,1.5739607068723598,2.6351842698267687,1.4280905328336948,-0.33518426982676847,-0.9252501787748777,0.03976686887930479,-5.8508818428539e-05,-0.8500000000000001,-1.25,True
VERITA-QA,No calibration control,0,1.7375578579155335,2.162,2.4132748026604633,1.6500000000000001,-0.11327480266046314,0.4244421420844664,0.7187373894154223,,-0.8500000000000001,-1.25,True
VERITA-QA,No calibration control,1,1.8836296464277724,2.041982314316621,2.4132748026604633,1.6500000000000001,-0.11327480266046314,0.15835266788884872,0.43417412625776586,-0.28456326315765645,-0.8500000000000001,-1.25,True
VERITA-QA,No calibration control,2,1.994225651925106,1.9530112141672415,2.4132748026604633,1.6500000000000001,-0.11327480266046314,-0.041214437757864486,0.26741798664313005,-0.1667561396146358,-0.8500000000000001,-1.25,True
VERITA-QA,No calibration control,3,2.0780376522620245,1.887147885269125,2.4132748026604633,1.6500000000000001,-0.11327480266046314,-0.1908897669928995,0.1686230664948835,-0.09879492014824653,-0.8500000000000001,-1.25,True
VERITA-QA,No calibration control,4,2.1416145993722653,1.8384683354530897,2.4132748026604633,1.6500000000000001,-0.11327480266046314,-0.30314626391917554,0.1093195795190434,-0.059303486975840106,-0.8500000000000001,-1.25,True
VERITA-QA,No calibration control,5,2.189893205596714,1.8025545689828315,2.4132748026604633,1.6500000000000001,-0.11327480266046314,-0.38733863661388246,0.07317223442428875,-0.03614734509475466,-0.8500000000000001,-1.25,True
VERITA-QA,No calibration control,6,2.2265967538552185,1.7761138377203054,2.4132748026604633,1.6500000000000001,-0.11327480266046314,-0.4504829161349131,0.05075339397027687,-0.02241884045401188,-0.8500000000000001,-1.25,True
VERITA-QA,No calibration control,7,2.254534927728936,1.75669380195325,2.4132748026604633,1.6500000000000001,-0.11327480266046314,-0.49784112577568584,0.03658191526851629,-0.014171478701760575,-0.8500000000000001,-1.25,True
VERITA-QA,No calibration control,8,2.2758292836584904,1.742469500652225,2.4132748026604633,1.6500000000000001,-0.11327480266046314,-0.5333597830062653,0.027441879244593546,-0.009140036023922746,-0.8500000000000001,-1.25,True
VERITA-QA,No calibration control,9,2.2920828527907973,1.7320840768615975,2.4132748026604633,1.6500000000000001,-0.11327480266046314,-0.5599987759291998,0.02142528438743228,-0.006016594857161266,-0.8500000000000001,-1.25,True
VERITA-QA,No calibration control,10,2.304507755453695,1.7245297348322939,2.4132748026604633,1.6500000000000001,-0.11327480266046314,-0.5799780206214009,0.01738495193225144,-0.004040332455180842,-0.8500000000000001,-1.25,True
VERITA-QA,No calibration control,11,2.3140212548762116,1.71905880073566,2.4132748026604633,1.6500000000000001,-0.11327480266046314,-0.5949624541405516,0.014620384706808322,-0.0027645672254431163,-0.8500000000000001,-1.25,True
VERITA-QA,No calibration control,12,2.3213180820561345,1.7151173027762199,2.4132748026604633,1.6500000000000001,-0.11327480266046314,-0.6062007792799147,0.012696301585152465,-0.0019240831216558573,-0.8500000000000001,-1.25,True
VERITA-QA,No calibration control,13,2.326924915609896,1.7122953924754591,2.4132748026604633,1.6500000000000001,-0.11327480266046314,-0.6146295231344368,0.011337018917317232,-0.0013592826678352331,-0.8500000000000001,-1.25,True
VERITA-QA,No calibration control,14,2.331241437705337,1.7102903566800085,2.4132748026604633,1.6500000000000001,-0.11327480266046314,-0.6209510810253287,0.010364400074463547,-0.0009726188428536842,-0.8500000000000001,-1.25,True
VERITA-QA,No calibration control,15,2.3345712887289176,1.7088790392854203,2.4132748026604633,1.6500000000000001,-0.11327480266046314,-0.6256922494434973,0.009660984372347064,-0.0007034157021164836,-0.8500000000000001,-1.25,True
VERITA-QA,No calibration control,16,2.3371454183417626,1.7078972925846387,2.4132748026604633,1.6500000000000001,-0.11327480266046314,-0.6292481257571239,0.009147779645375689,-0.0005132047269713752,-0.8500000000000001,-1.25,True
VERITA-QA,No calibration control,17,2.339139710867879,1.7072246778755351,2.4132748026604633,1.6500000000000001,-0.11327480266046314,-0.631915032992344,0.008770675593053636,-0.0003771040523220526,-0.8500000000000001,-1.25,True
VERITA-QA,No calibration control,18,2.340688297375147,1.706773083956388,2.4132748026604633,1.6500000000000001,-0.11327480266046314,-0.6339152134187589,0.008491983811454341,-0.000278691781599295,-0.8500000000000001,-1.25,True
VERITA-QA,No calibration control,19,2.3418936169591227,1.7064782682205524,2.4132748026604633,1.6500000000000001,-0.11327480266046314,-0.6354153487385703,0.008285068453321921,-0.00020691535813241978,-0.8500000000000001,-1.25,True
VERITA-QA,No calibration control,20,2.34283402680103,1.7062935765726013,2.4132748026604633,1.6500000000000001,-0.11327480266046314,-0.6365404502284289,0.008130869667014217,-0.0001541987863077042,-0.8500000000000001,-1.25,True
VERITA-QA,No calibration control,21,2.343569562910219,1.7061852865643963,2.4132748026604633,1.6500000000000001,-0.11327480266046314,-0.6373842763458226,0.008015606874962371,-0.00011526279205184564,-0.8500000000000001,-1.25,True
VERITA-QA,No calibration control,22,2.34414630483615,1.7061291589022818,2.4132748026604633,1.6500000000000001,-0.11327480266046314,-0.6380171459338682,0.007929231690523687,-8.637518443868446e-05,-0.8500000000000001,-1.25,True
VERITA-QA,No calibration control,23,2.3445996858511506,1.7061078877262486,2.4132748026604633,1.6500000000000001,-0.11327480266046314,-0.6384917981249021,0.007864366733874043,-6.486495664964446e-05,-0.8500000000000001,-1.25,True
VERITA-QA,No calibration control,24,2.34495700600596,1.7061092187377824,2.4132748026604633,1.6500000000000001,-0.11327480266046314,-0.6388477872681777,0.00781556576709035,-4.880096678369292e-05,-0.8500000000000001,-1.25,True
VERITA-QA,No calibration control,25,2.3452393421687208,1.7061245630430866,2.4132748026604633,1.6500000000000001,-0.11327480266046314,-0.6391147791256342,0.00777879046110085,-3.677530598949954e-05,-0.8500000000000001,-1.25,True
VERITA-QA,Retrieval-noise perturbation,0,1.788619002952205,1.8779558820271294,2.4841930596558406,1.4280905328336948,-0.18419305965584026,0.08933687907492427,0.6862021007640831,,-0.8500000000000001,-1.25,True
VERITA-QA,Retrieval-noise perturbation,1,1.9246622899770423,1.7858503546953162,2.4841930596558406,1.4280905328336948,-0.18419305965584026,-0.13881193528172608,0.4410667723558075,-0.24513532840827557,-0.8500000000000001,-1.25,True
VERITA-QA,Retrieval-noise perturbation,2,2.028452265633391,1.7185287195841772,2.4841930596558406,1.4280905328336948,-0.18419305965584026,-0.3099235460492138,0.2920540116591209,-0.14901276069668656,-0.8500000000000001,-1.25,True
VERITA-QA,Retrieval-noise perturbation,3,2.107753480997461,1.6694962268726314,2.4841930596558406,1.4280905328336948,-0.18419305965584026,-0.43825725412482974,0.19998346549491888,-0.09207054616420204,-0.8500000000000001,-1.25,True
VERITA-QA,Retrieval-noise perturbation,4,2.168440141426615,1.633932606245073,2.4841930596558406,1.4280905328336948,-0.18419305965584026,-0.5345075351815418,0.14207086455656737,-0.057912600938351516,-0.8500000000000001,-1.25,True
VERITA-QA,Retrieval-noise perturbation,5,2.2149600583405435,1.608264812366468,2.4841930596558406,1.4280905328336948,-0.18419305965584026,-0.6066952459740755,0.10494918000239664,-0.037121684554170725,-0.8500000000000001,-1.25,True
VERITA-QA,Retrieval-noise perturbation,6,2.250684080947403,1.5898480518789273,2.4841930596558406,1.4280905328336948,-0.18419305965584026,-0.6608360290684758,0.08069193810512626,-0.024257241897270382,-0.8500000000000001,-1.25,True
VERITA-QA,Retrieval-noise perturbation,7,2.2781693883873206,1.5767277719980444,2.4841930596558406,1.4280905328336948,-0.18419305965584026,-0.7014416163892763,0.06453878198935922,-0.016153156115767037,-0.8500000000000001,-1.25,True
VERITA-QA,Retrieval-noise perturbation,8,2.2993579700696203,1.5674621631897436,2.4841930596558406,1.4280905328336948,-0.18419305965584026,-0.7318958068798767,0.053588461690449195,-0.010950320298910028,-0.8500000000000001,-1.25,True
VERITA-QA,Retrieval-noise perturbation,9,2.3157263252463047,1.5609898754984781,2.4841930596558406,1.4280905328336948,-0.18419305965584026,-0.7547364497478266,0.04604327588334459,-0.007545185807104608,-0.8500000000000001,-1.25,True
VERITA-QA,Retrieval-noise perturbation,10,2.328398434328235,1.5565315024294457,2.4841930596558406,1.4280905328336948,-0.18419305965584026,-0.7718669318987894,0.040769047951665575,-0.005274227931679011,-0.8500000000000001,-1.25,True
VERITA-QA,Retrieval-noise perturbation,11,2.3382310655801986,1.5535162720681872,2.4841930596558406,1.4280905328336948,-0.18419305965584026,-0.7847147935120113,0.037036519777056645,-0.0037325281746089303,-0.8500000000000001,-1.25,True
VERITA-QA,Retrieval-noise perturbation,12,2.3458782350547995,1.5515275453328716,2.4841930596558406,1.4280905328336948,-0.18419305965584026,-0.7943506897219279,0.034367686759138684,-0.002668833017917961,-0.8500000000000001,-1.25,True
VERITA-QA,Retrieval-noise perturbation,13,2.3518399498703215,1.5502623379909564,2.4841930596558406,1.4280905328336948,-0.18419305965584026,-0.8015776118793652,0.03244329564528155,-0.0019243911138571365,-0.8500000000000001,-1.25,True
VERITA-QA,Retrieval-noise perturbation,14,2.3564990962809076,1.5495012927834642,2.4841930596558406,1.4280905328336948,-0.18419305965584026,-0.8069978034974434,0.031046320913979245,-0.0013969747313023022,-0.8500000000000001,-1.25,True
VERITA-QA,Retrieval-noise perturbation,15,2.3601493801369706,1.5490864329259688,2.4841930596558406,1.4280905328336948,-0.18419305965584026,-0.8110629472110018,0.030026842267719674,-0.001019478646259571,-0.8500000000000001,-1.25,True
VERITA-QA,Retrieval-noise perturbation,16,2.363016509988961,1.54890470499279,2.4841930596558406,1.4280905328336948,-0.18419305965584026,-0.8141118049961709,0.029279820383657264,-0.0007470218840624106,-0.8500000000000001,-1.25,True
VERITA-QA,Retrieval-noise perturbation,17,2.365274273454706,1.5488758251196584,2.4841930596558406,1.4280905328336948,-0.18419305965584026,-0.8163984483350475,0.028730764544156843,-0.0005490558395004203,-0.8500000000000001,-1.25,True
VERITA-QA,Retrieval-noise perturbation,18,2.367056751397719,1.5489433205585141,2.4841930596558406,1.4280905328336948,-0.18419305965584026,-0.8181134308392048,0.02832631101320193,-0.0004044535309549145,-0.8500000000000001,-1.25,True
VERITA-QA,Retrieval-noise perturbation,19,2.3684676087902536,1.5490679410729307,2.4841930596558406,1.4280905328336948,-0.18419305965584026,-0.819399667717323,0.028027913282326112,-0.00029839773087581706,-0.8500000000000001,-1.25,True
VERITA-QA,Retrieval-noise perturbation,20,2.3695871709509326,1.5492228255750211,2.4841930596558406,1.4280905328336948,-0.18419305965584026,-0.8203643453759115,0.027807542070612125,-0.00022037121171398708,-0.8500000000000001,-1.25,True
VERITA-QA,Retrieval-noise perturbation,21,2.370477820437953,1.5493899668180997,2.4841930596558406,1.4280905328336948,-0.18419305965584026,-0.8210878536198531,0.027644708315318435,-0.00016283375529368982,-0.8500000000000001,-1.25,True
VERITA-QA,Retrieval-noise perturbation,22,2.371188119182422,1.5495576343796127,2.4841930596558406,1.4280905328336948,-0.18419305965584026,-0.8216304848028091,0.027524373329367254,-0.00012033498595118153,-0.8500000000000001,-1.25,True
VERITA-QA,Retrieval-noise perturbation,23,2.3717559618930126,1.5497185037029866,2.4841930596558406,1.4280905328336948,-0.18419305965584026,-0.822037458190026,0.027435464251109022,-8.890907825823136e-05,-0.8500000000000001,-1.25,True
VERITA-QA,Retrieval-noise perturbation,24,2.3722109924073145,1.5498683041768757,2.4841930596558406,1.4280905328336948,-0.18419305965584026,-0.8223426882304388,0.027369808978565478,-6.565527254354456e-05,-0.8500000000000001,-1.25,True
VERITA-QA,Retrieval-noise perturbation,25,2.3725764585325684,1.5500048477718202,2.4841930596558406,1.4280905328336948,-0.18419305965584026,-0.8225716107607481,0.027321365833144085,-4.8443145421392386e-05,-0.8500000000000001,-1.25,True
VERITA-QA,Coverage-capped deployment,0,1.7055221847807924,1.8779558820271294,2.368780812195545,1.4280905328336948,-0.06878081219554505,0.17243369724633695,0.6422908392450326,,-0.8500000000000001,-1.25,True
VERITA-QA,Coverage-capped deployment,1,1.839395721553376,1.7825264819684596,2.368780812195545,1.4280905328336948,-0.06878081219554505,-0.05686923958491641,0.4058734162332792,-0.2364174230117534,-0.8500000000000001,-1.25,True
VERITA-QA,Coverage-capped deployment,2,1.9413386396013703,1.7124921973930138,2.368780812195545,1.4280905328336948,-0.06878081219554505,-0.22884644220835648,0.26359111771613974,-0.14228229851713947,-0.8500000000000001,-1.25,True
VERITA-QA,Coverage-capped deployment,3,2.019072173476268,1.6612428293003316,2.368780812195545,1.4280905328336948,-0.06878081219554505,-0.35782934417593637,0.17665612534255642,-0.08693499237358332,-0.8500000000000001,-1.25,True
VERITA-QA,Coverage-capped deployment,4,2.07843169051373,1.6238651698621085,2.368780812195545,1.4280905328336948,-0.06878081219554505,-0.4545665206516214,0.1226303209650087,-0.054025804377547726,-0.8500000000000001,-1.25,True
VERITA-QA,Coverage-capped deployment,5,2.123830602595796,1.5967111995874106,2.368780812195545,1.4280905328336948,-0.06878081219554505,-0.5271194030083852,0.08843353443942881,-0.03419678652557989,-0.8500000000000001,-1.25,True
VERITA-QA,Coverage-capped deployment,6,2.15860958432964,1.5770755195536819,2.368780812195545,1.4280905328336948,-0.06878081219554505,-0.5815340647759581,0.06636847129061695,-0.02206506314881186,-0.8500000000000001,-1.25,True
VERITA-QA,Coverage-capped deployment,7,2.185299552698028,1.56295449159639,2.368780812195545,1.4280905328336948,-0.06878081219554505,-0.6223450611016379,0.05185365995994121,-0.014514811330675732,-0.8500000000000001,-1.25,True
VERITA-QA,Coverage-capped deployment,8,2.2058197865907627,1.552866478244865,2.368780812195545,1.4280905328336948,-0.06878081219554505,-0.6529533083458978,0.04212533241941385,-0.009728327540527361,-0.8500000000000001,-1.25,True
VERITA-QA,Coverage-capped deployment,9,2.221627250831962,1.5457177570528695,2.368780812195545,1.4280905328336948,-0.06878081219554505,-0.6759094937790926,0.0354903344994938,-0.0066349979199200534,-0.8500000000000001,-1.25,True
VERITA-QA,Coverage-capped deployment,10,2.2338291987348295,1.540702565880841,2.368780812195545,1.4280905328336948,-0.06878081219554505,-0.6931266328539885,0.030893407962661965,-0.004596926536831834,-0.8500000000000001,-1.25,True
VERITA-QA,Coverage-capped deployment,11,2.243268129931214,1.5372286427710533,2.368780812195545,1.4280905328336948,-0.06878081219554505,-0.7060394871601605,0.027664560449885942,-0.003228847512776023,-0.8500000000000001,-1.25,True
VERITA-QA,Coverage-capped deployment,12,2.250585928651966,1.5348618007621764,2.368780812195545,1.4280905328336948,-0.06878081219554505,-0.7157241278897897,0.025370134150935822,-0.0022944262989501203,-0.8500000000000001,-1.25,True
VERITA-QA,Coverage-capped deployment,13,2.256272315961005,1.5332847075239937,2.368780812195545,1.4280905328336948,-0.06878081219554505,-0.7229876084370113,0.023723976113730665,-0.0016461580372051574,-0.8500000000000001,-1.25,True
VERITA-QA,Coverage-capped deployment,14,2.2607014782056187,1.532266259358191,2.368780812195545,1.4280905328336948,-0.06878081219554505,-0.7284352188474277,0.022533724432612694,-0.0011902516811179709,-0.8500000000000001,-1.25,True
VERITA-QA,Coverage-capped deployment,15,2.2641597784522314,1.5316388517969914,2.368780812195545,1.4280905328336948,-0.06878081219554505,-0.7325209266552399,0.021667815061644218,-0.0008659093709684762,-0.8500000000000001,-1.25,True
VERITA-QA,Coverage-capped deployment,16,2.266866739344607,1.5312815318335082,2.368780812195545,1.4280905328336948,-0.06878081219554505,-0.7355852075110989,0.021034860519645798,-0.0006329545419984199,-0.8500000000000001,-1.25,True
VERITA-QA,Coverage-capped deployment,17,2.2689909456510446,1.5311075274980515,2.368780812195545,1.4280905328336948,-0.06878081219554505,-0.7378834181529932,0.020570518654645306,-0.00046434186500049143,-0.8500000000000001,-1.25,True
VERITA-QA,Coverage-capped deployment,18,2.270662108459712,1.5310550323252983,2.368780812195545,1.4280905328336948,-0.06878081219554505,-0.7396070761344138,0.0202289681783566,-0.0003415504762887059,-0.8500000000000001,-1.25,True
VERITA-QA,Coverage-capped deployment,19,2.271980227271649,1.53108040765117,2.368780812195545,1.4280905328336948,-0.06878081219554505,-0.7408998196204792,0.019977267556527595,-0.0002517006218290055,-0.8500000000000001,-1.25,True
VERITA-QA,Coverage-capped deployment,20,2.2730225561461146,1.531153178911086,2.368780812195545,1.4280905328336948,-0.06878081219554505,-0.7418693772350287,0.01979155261810189,-0.00018571493842570522,-0.8500000000000001,-1.25,True
VERITA-QA,Coverage-capped deployment,21,2.2738489068073386,1.5312523613613982,2.368780812195545,1.4280905328336948,-0.06878081219554505,-0.7425965454459404,0.01965442952581467,-0.00013712309228721895,-0.8500000000000001,-1.25,True
VERITA-QA,Coverage-capped deployment,22,2.274505691127718,1.531363769523594,2.368780812195545,1.4280905328336948,-0.06878081219554505,-0.7431419216041242,0.019553159868761376,-0.00010126965705329477,-0.8500000000000001,-1.25,True
VERITA-QA,Coverage-capped deployment,23,2.275029007067306,1.5314780533445438,2.368780812195545,1.4280905328336948,-0.06878081219554505,-0.743550953722762,0.01947838036218458,-7.477950657679491e-05,-0.8500000000000001,-1.25,True
VERITA-QA,Coverage-capped deployment,24,2.275446998012418,1.5315892702006777,2.368780812195545,1.4280905328336948,-0.06878081219554505,-0.7438577278117404,0.019423189506530186,-5.519085565439466e-05,-0.8500000000000001,-1.25,True
VERITA-QA,Coverage-capped deployment,25,2.2757816595333025,1.531693851154828,2.368780812195545,1.4280905328336948,-0.06878081219554505,-0.7440878083784745,0.019382489963045157,-4.0699543485029493e-05,-0.8500000000000001,-1.25,True
Dense Only,Nominal relaxation,0,1.8716723679345395,1.3190494268991333,2.5995449554646384,0.9914448647649479,-0.2995449554646382,-0.5526229410354062,0.6371232528088928,,-0.8500000000000001,-1.25,True
Dense Only,Nominal relaxation,1,1.9868037325600714,1.2736450564533999,2.5995449554646384,0.9914448647649479,-0.2995449554646382,-0.7131586761066715,0.4550887544355833,-0.18203449837330954,-0.8500000000000001,-1.25,True
Dense Only,Nominal relaxation,2,2.0759413357964123,1.2423808583862919,2.5995449554646384,0.9914448647649479,-0.2995449554646382,-0.8335604774101204,0.33712962342439956,-0.11795913101118372,-0.8500000000000001,-1.25,True
Dense Only,Nominal relaxation,3,2.1451094744304373,1.2212476460427302,2.5995449554646384,0.9914448647649479,-0.2995449554646382,-0.9238618283877071,0.25932092470578993,-0.07780869871860963,-0.8500000000000001,-1.25,True
Dense Only,Nominal relaxation,4,2.1989069754575743,1.2073191338366773,2.5995449554646384,0.9914448647649479,-0.2995449554646382,-0.991587841620897,0.20711249107139412,-0.05220843363439581,-0.8500000000000001,-1.25,True
Dense Only,Nominal relaxation,5,2.2408498607807705,1.198467509234981,2.5995449554646384,0.9914448647649479,-0.2995449554646382,-1.0423823515457895,0.17152054627363467,-0.035591944797759456,-0.8500000000000001,-1.25,True
Dense Only,Nominal relaxation,6,2.273630675202028,1.193152441212569,2.5995449554646384,0.9914448647649479,-0.2995449554646382,-1.080478233989459,0.1469060644754683,-0.02461448179816636,-0.8500000000000001,-1.25,True
Dense Only,Nominal relaxation,7,2.2993149158739246,1.1902647700517137,2.5995449554646384,0.9914448647649479,-0.2995449554646382,-1.1090501458222108,0.1296674314108801,-0.0172386330645882,-0.8500000000000001,-1.25,True
Dense Only,Nominal relaxation,8,2.3194899591582887,1.189010879461514,2.5995449554646384,0.9914448647649479,-0.2995449554646382,-1.1304790796967747,0.1174631311192333,-0.012204300291646805,-0.8500000000000001,-1.25,True
Dense Only,Nominal relaxation,9,2.3353780877293286,1.1888273076266307,2.5995449554646384,0.9914448647649479,-0.2995449554646382,-1.146550780102698,0.1087439627591301,-0.008719168360103197,-0.8500000000000001,-1.25,True
Dense Only,Nominal relaxation,10,2.3479223664270545,1.1893178110199145,2.5995449554646384,0.9914448647649479,-0.2995449554646382,-1.15860455540714,0.10246763017359772,-0.006276332585532382,-0.8500000000000001,-1.25,True
Dense Only,Nominal relaxation,11,2.3578519667339894,1.1902070798485178,2.5995449554646384,0.9914448647649479,-0.2995449554646382,-1.1676448868854716,0.09792191894648092,-0.004545711227116805,-0.8500000000000001,-1.25,True
Dense Only,Nominal relaxation,12,2.365731921729612,1.1913067862353917,2.5995449554646384,0.9914448647649479,-0.2995449554646382,-1.1744251354942203,0.09461332239823442,-0.0033085965482465007,-0.8500000000000001,-1.25,True
Dense Only,Nominal relaxation,13,2.372001074431629,1.192490752480847,2.5995449554646384,0.9914448647649479,-0.2995449554646382,-1.1795103219507819,0.09219566676303831,-0.0024176556351961087,-0.8500000000000001,-1.25,True
Dense Only,Nominal relaxation,14,2.3770010637160404,1.1936768519228373,2.5995449554646384,0.9914448647649479,-0.2995449554646382,-1.183324211793203,0.0904235603844405,-0.0017721063785978153,-0.8500000000000001,-1.25,True
Dense Only,Nominal relaxation,15,2.3809984992284052,1.1948138700533861,2.5995449554646384,0.9914448647649479,-0.2995449554646382,-1.186184629175019,0.08912150584542461,-0.0013020545390158844,-0.8500000000000001,-1.25,True
Dense Only,Nominal relaxation,16,2.3842019540083954,1.1958720117970143,2.5995449554646384,0.9914448647649479,-0.2995449554646382,-1.188329942211381,0.08816306671985358,-0.0009584391255710312,-0.8500000000000001,-1.25,True
Dense Only,Nominal relaxation,17,2.386775008954333,1.1968360819656803,2.5995449554646384,0.9914448647649479,-0.2995449554646382,-1.1899389269886527,0.08745660224119667,-0.0007064644786569096,-0.8500000000000001,-1.25,True
Dense Only,Nominal relaxation,18,2.38884628516837,1.1977006195967639,2.5995449554646384,0.9914448647649479,-0.2995449554646382,-1.191145665571606,0.08693536606585786,-0.0005212361753388073,-0.8500000000000001,-1.25,True
Dense Only,Nominal relaxation,19,2.3905171748827025,1.1984664553738813,2.5995449554646384,0.9914448647649479,-0.2995449554646382,-1.1920507195088212,0.08655055203326276,-0.0003848140325951044,-0.8500000000000001,-1.25,True
Dense Only,Nominal relaxation,20,2.39186781118811,1.1991383012263774,2.5995449554646384,0.9914448647649479,-0.2995449554646382,-1.1927295099617325,0.08626635980401187,-0.0002841922292508847,-0.8500000000000001,-1.25,True
Dense Only,Nominal relaxation,21,2.392961687703482,1.1997230849020657,2.5995449554646384,0.9914448647649479,-0.2995449554646382,-1.1932386028014161,0.08605646350236341,-0.0002098963016484573,-0.8500000000000001,-1.25,True
Dense Only,Nominal relaxation,22,2.393849241497653,1.2002288190664743,2.5995449554646384,0.9914448647649479,-0.2995449554646382,-1.1936204224311786,0.08590146631816978,-0.0001549971841936365,-0.8500000000000001,-1.25,True
Dense Only,Nominal relaxation,23,2.3945706383616248,1.2006638512081238,2.5995449554646384,0.9914448647649479,-0.2995449554646382,-1.193906787153501,0.08578705496015662,-0.0001144113580131556,-0.8500000000000001,-1.25,True
Dense Only,Nominal relaxation,24,2.395157943169828,1.2010363824745858,2.5995449554646384,0.9914448647649479,-0.2995449554646382,-1.1941215606952424,0.08570265509062834,-8.43998695282816e-05,-0.8500000000000001,-1.25,True
Dense Only,Nominal relaxation,25,2.3956368152189675,1.201354174367419,2.5995449554646384,0.9914448647649479,-0.2995449554646382,-1.1942826408515486,0.08564044791623424,-6.220717439410495e-05,-0.8500000000000001,-1.25,True
Dense Only,No calibration control,0,1.7022411251702319,1.6202605251467916,2.3642237849586554,1.2267660352709309,-0.06422378495865527,-0.08198060002344021,0.5930589554232195,,-0.8500000000000001,-1.25,True
Dense Only,No calibration control,1,1.8249968957201574,1.5406456858688329,2.3642237849586554,1.2267660352709309,-0.06422378495865527,-0.28435120985132456,0.38928607313728836,-0.20377288228593116,-0.8500000000000001,-1.25,True
Dense Only,No calibration control,2,1.9187893608834803,1.4826601936612425,2.3642237849586554,1.2267660352709309,-0.06422378495865527,-0.4361291672222378,0.2638936464494688,-0.12539242668781958,-0.8500000000000001,-1.25,True
Dense Only,No calibration control,3,1.9905659886742018,1.440603353423779,2.3642237849586554,1.2267660352709309,-0.06422378495865527,-0.5499626352504228,0.18534654735895661,-0.07854709909051216,-0.8500000000000001,-1.25,True
Dense Only,No calibration control,4,2.045587251019373,1.4102495147478118,2.3642237849586554,1.2267660352709309,-0.06422378495865527,-0.6353377362715613,0.13519542800178236,-0.050151119357174256,-0.8500000000000001,-1.25,True
Dense Only,No calibration control,5,2.08783989472502,1.3884708326876045,2.3642237849586554,1.2267660352709309,-0.06422378495865527,-0.6993690620374156,0.10253649628824564,-0.03265893171353672,-0.8500000000000001,-1.25,True
Dense Only,No calibration control,6,2.1203483359700726,1.3729557796082665,2.3642237849586554,1.2267660352709309,-0.06422378495865527,-0.747392556361806,0.08084667596879842,-0.021689820319447217,-0.8500000000000001,-1.25,True
Dense Only,No calibration control,7,2.1454094024304906,1.3619992253253916,2.3642237849586554,1.2267660352709309,-0.06422378495865527,-0.783410177105099,0.06616774969348793,-0.014678926275310492,-0.8500000000000001,-1.25,True
Dense Only,No calibration control,8,2.164769382762906,1.3543459901003372,2.3642237849586554,1.2267660352709309,-0.06422378495865527,-0.8104233926625688,0.056058703429537116,-0.010109046263950816,-0.8500000000000001,-1.25,True
Dense Only,No calibration control,9,2.179757637816512,1.3490743334858408,2.3642237849586554,1.2267660352709309,-0.06422378495865527,-0.8306833043306712,0.048987079253694235,-0.0070716241758428805,-0.8500000000000001,-1.25,True
Dense Only,No calibration control,10,2.1913874930442807,1.345509254962533,2.3642237849586554,1.2267660352709309,-0.06422378495865527,-0.8458782380817478,0.043972336025439006,-0.005014743228255229,-0.8500000000000001,-1.25,True
Dense Only,No calibration control,11,2.200432475533286,1.3431580371382306,2.3642237849586554,1.2267660352709309,-0.06422378495865527,-0.8572744383950552,0.04037469114195466,-0.0035976448834843452,-0.8500000000000001,-1.25,True
Dense Only,No calibration control,12,2.2074839629866276,1.3416623743565919,2.3642237849586554,1.2267660352709309,-0.06422378495865527,-0.8658215886300358,0.03776854052711014,-0.002606150614844524,-0.8500000000000001,-1.25,True
Dense Only,No calibration control,13,2.2129948115635023,1.340762860257231,2.3642237849586554,1.2267660352709309,-0.06422378495865527,-0.8722319513062713,0.03586547850110906,-0.0019030620260010733,-0.8500000000000001,-1.25,True
Dense Only,No calibration control,14,2.2173124013752585,1.3402726780618108,2.3642237849586554,1.2267660352709309,-0.06422378495865527,-0.8770397233134477,0.03446671258404438,-0.0013987659170646843,-0.8500000000000001,-1.25,True
Dense Only,No calibration control,15,2.2207036900387296,1.3400581377198992,2.3642237849586554,1.2267660352709309,-0.06422378495865527,-0.8806455523188303,0.03343311812313205,-0.001033594460912328,-0.8500000000000001,-1.25,True
Dense Only,No calibration control,16,2.223374226469195,1.3400243023963279,2.3642237849586554,1.2267660352709309,-0.06422378495865527,-0.8833499240728673,0.032666033198923666,-0.0007670849242083846,-0.8500000000000001,-1.25,True
Dense Only,No calibration control,17,2.22548259683632,1.3401043939479251,2.3642237849586554,1.2267660352709309,-0.06422378495865527,-0.8853782028883947,0.03209470082919229,-0.0005713323697313782,-0.8500000000000001,-1.25,True
Dense Only,No calibration control,18,2.2271514130884125,1.3402520010883718,2.3642237849586554,1.2267660352709309,-0.06422378495865527,-0.8868994120000406,0.031667899567651536,-0.0004268012615407518,-0.8500000000000001,-1.25,True
Dense Only,No calibration control,19,2.2284756822131833,1.3404353633794086,2.3642237849586554,1.2267660352709309,-0.06422378495865527,-0.8880403188337747,0.03134826355162802,-0.000319636016023514,-0.8500000000000001,-1.25,True
Dense Only,No calibration control,20,2.2295291893133937,1.3406331903543183,2.3642237849586554,1.2267660352709309,-0.06422378495865527,-0.8888959989590755,0.031108363102824735,-0.00023990044880328742,-0.8500000000000001,-1.25,True
Dense Only,No calibration control,21,2.2303693730015564,1.3408316139485055,2.3642237849586554,1.2267660352709309,-0.06422378495865527,-0.8895377590530509,0.030927959839430738,-0.0001804032633939967,-0.8500000000000001,-1.25,True
Dense Only,No calibration control,22,2.2310410550589723,1.3410219759354398,2.3642237849586554,1.2267660352709309,-0.06422378495865527,-0.8900190791235325,0.03079205952066372,-0.00013590031876701755,-0.8500000000000001,-1.25,True
Dense Only,No calibration control,23,2.2315792983638083,1.3411992291874146,2.3642237849586554,1.2267660352709309,-0.06422378495865527,-0.8903800691763937,0.030689515693938144,-0.00010254382672557696,-0.8500000000000001,-1.25,True
Dense Only,No calibration control,24,2.2320116007047077,1.341360788988668,2.3642237849586554,1.2267660352709309,-0.06422378495865527,-0.8906508117160397,0.030612019244828648,-7.749644910949594e-05,-0.8500000000000001,-1.25,True
Dense Only,No calibration control,25,2.2323595819460684,1.3415057133252943,2.3642237849586554,1.2267660352709309,-0.06422378495865527,-0.8908538686207741,0.030553361756163723,-5.865748866492465e-05,-0.8500000000000001,-1.25,True
Dense Only,Retrieval-noise perturbation,0,1.7744723679345393,1.4918494268991334,2.464544955464638,1.1264448647649479,-0.16454495546463815,-0.282622941035406,0.6097206700889617,,-0.8500000000000001,-1.25,True
Dense Only,Retrieval-noise perturbation,1,1.893977732560071,1.4292190564534,2.464544955464638,1.1264448647649479,-0.16454495546463815,-0.4647586761066711,0.4172191670056255,-0.1925015030833362,-0.8500000000000001,-1.25,True
Dense Only,Retrieval-noise perturbation,2,1.985881755796412,1.384521278386292,2.464544955464638,1.1264448647649479,-0.16454495546463815,-0.60136047741012,0.2957218939842793,-0.12149727302134622,-0.8500000000000001,-1.25,True
Dense Only,Retrieval-noise perturbation,3,2.056698023030437,1.3528861946427302,2.464544955464638,1.1264448647649479,-0.16454495546463815,-0.7038118283877068,0.21761479617280644,-0.07810709781147285,-0.8500000000000001,-1.25,True
Dense Only,Retrieval-noise perturbation,4,2.111377470795574,1.3307271291746774,2.464544955464638,1.1264448647649479,-0.16454495546463815,-0.7806503416208967,0.1664585157798402,-0.05115628039296624,-0.8500000000000001,-1.25,True
Dense Only,Retrieval-noise perturbation,5,2.1536878719113104,1.3154086453655212,2.464544955464638,1.1264448647649479,-0.16454495546463815,-0.8382792265457892,0.13233943677414217,-0.03411907900569802,-0.8500000000000001,-1.25,True
Dense Only,Retrieval-noise perturbation,6,2.186500349440376,1.304999459200917,2.464544955464638,1.1264448647649479,-0.16454495546463815,-0.8815008902394588,0.1091905461333807,-0.023148890640761477,-0.8500000000000001,-1.25,True
Dense Only,Retrieval-noise perturbation,7,2.2120058392417534,1.2980887012320426,2.464544955464638,1.1264448647649479,-0.16454495546463815,-0.9139171380097109,0.09323761181977841,-0.015952934313602285,-0.8500000000000001,-1.25,True
Dense Only,Retrieval-noise perturbation,8,2.2318787458660867,1.2936494220286867,2.464544955464638,1.1264448647649479,-0.16454495546463815,-0.9382293238374,0.08209092905872,-0.011146682761058416,-0.8500000000000001,-1.25,True
Dense Only,Retrieval-noise perturbation,9,2.2474007709311756,1.290937307723009,2.464544955464638,1.1264448647649479,-0.16454495546463815,-0.9564634632081666,0.07420936066701345,-0.007881568391706548,-0.8500000000000001,-1.25,True
Dense Only,Retrieval-noise perturbation,10,2.259554686160369,1.2894156184241272,2.464544955464638,1.1264448647649479,-0.16454495546463815,-0.9701390677362418,0.0685804770576777,-0.00562888360933575,-0.8500000000000001,-1.25,True
Dense Only,Retrieval-noise perturbation,11,2.2690954116194764,1.2886996404871782,2.464544955464638,1.1264448647649479,-0.16454495546463815,-0.9803957711322981,0.0645271364339531,-0.004053340623724602,-0.8500000000000001,-1.25,True
Dense Only,Retrieval-noise perturbation,12,2.2766039456146934,1.288515646935353,2.464544955464638,1.1264448647649479,-0.16454495546463815,-0.9880882986793404,0.061588761616743926,-0.002938374817209169,-0.8500000000000001,-1.25,True
Dense Only,Retrieval-noise perturbation,13,2.2825283277288415,1.2886706333892195,2.464544955464638,1.1264448647649479,-0.16454495546463815,-0.993857694339622,0.059447252778047285,-0.00214150883869664,-0.8500000000000001,-1.25,True
Dense Only,Retrieval-noise perturbation,14,2.2872147890571735,1.2890300479723402,2.464544955464638,1.1264448647649479,-0.16454495546463815,-0.9981847410848332,0.057879929716680455,-0.0015673230613668307,-0.8500000000000001,-1.25,True
Dense Only,Retrieval-noise perturbation,15,2.2909314700898804,1.2895014439461387,2.464544955464638,1.1264448647649479,-0.16454495546463815,-1.0014300261437417,0.05672909031824319,-0.001150839398437263,-0.8500000000000001,-1.25,True
Dense Only,Retrieval-noise perturbation,16,2.293886503944671,1.2900225140067478,2.464544955464638,1.1264448647649479,-0.16454495546463815,-1.0038639899379231,0.05588195440666632,-0.0008471359115768684,-0.8500000000000001,-1.25,True
Dense Only,Retrieval-noise perturbation,17,2.29624182349238,1.2905523607088207,2.464544955464638,1.1264448647649479,-0.16454495546463815,-1.005689462783559,0.055257214456639656,-0.0006247399500266676,-0.8500000000000001,-1.25,True
Dense Only,Retrieval-noise perturbation,18,2.2981237198031526,1.2910651523853667,2.464544955464638,1.1264448647649479,-0.16454495546463815,-1.0070585674177859,0.054795866775325136,-0.00046134768131451953,-0.8500000000000001,-1.25,True
Dense Only,Retrieval-noise perturbation,19,2.299630929555725,1.2915455336622688,2.464544955464638,1.1264448647649479,-0.16454495546463815,-1.0080853958934561,0.05445486681182849,-0.00034099996349664513,-0.8500000000000001,-1.25,True
Dense Only,Retrieval-noise perturbation,20,2.300840840511333,1.2919853232611245,2.464544955464638,1.1264448647649479,-0.16454495546463815,-1.0088555172502085,0.05420268065176932,-0.0002521861600591688,-0.8500000000000001,-1.25,True
Dense Only,Retrieval-noise perturbation,21,2.3018142617502177,1.2923811534824448,2.464544955464638,1.1264448647649479,-0.16454495546463815,-1.009433108267773,0.05401613059011298,-0.00018655006165634036,-0.8500000000000001,-1.25,True
Dense Only,Retrieval-noise perturbation,22,2.3025990977377897,1.2927327962068431,2.464544955464638,1.1264448647649479,-0.16454495546463815,-1.0098663015309466,0.05387813697810909,-0.00013799361200389493,-0.8500000000000001,-1.25,True
Dense Only,Retrieval-noise perturbation,23,2.3032331838769475,1.2930419873986208,2.464544955464638,1.1264448647649479,-0.16454495546463815,-1.0101911964783268,0.053776088922578305,-0.00010204805553078178,-0.8500000000000001,-1.25,True
Dense Only,Retrieval-noise perturbation,24,2.3037464795745533,1.2933116118856913,2.464544955464638,1.1264448647649479,-0.16454495546463815,-1.010434867688862,0.05370066114323235,-7.54277793459518e-05,-0.8500000000000001,-1.25,True
Dense Only,Retrieval-noise perturbation,25,2.3041627681551446,1.2935451470583814,2.464544955464638,1.1264448647649479,-0.16454495546463815,-1.0106176210967632,0.05364495034872264,-5.5710794509715444e-05,-0.8500000000000001,-1.25,True
Dense Only,Coverage-capped deployment,0,1.8716723679345395,1.3190494268991333,2.5995449554646384,0.9914448647649479,-0.2995449554646382,-0.5526229410354062,0.6371232528088928,,-0.8500000000000001,-1.25,True
Dense Only,Coverage-capped deployment,1,1.9868037325600714,1.2736450564533999,2.5995449554646384,0.9914448647649479,-0.2995449554646382,-0.7131586761066715,0.4550887544355833,-0.18203449837330954,-0.8500000000000001,-1.25,True
Dense Only,Coverage-capped deployment,2,2.0759413357964123,1.2423808583862919,2.5995449554646384,0.9914448647649479,-0.2995449554646382,-0.8335604774101204,0.33712962342439956,-0.11795913101118372,-0.8500000000000001,-1.25,True
Dense Only,Coverage-capped deployment,3,2.1451094744304373,1.2212476460427302,2.5995449554646384,0.9914448647649479,-0.2995449554646382,-0.9238618283877071,0.25932092470578993,-0.07780869871860963,-0.8500000000000001,-1.25,True
Dense Only,Coverage-capped deployment,4,2.1989069754575743,1.2073191338366773,2.5995449554646384,0.9914448647649479,-0.2995449554646382,-0.991587841620897,0.20711249107139412,-0.05220843363439581,-0.8500000000000001,-1.25,True
Dense Only,Coverage-capped deployment,5,2.2408498607807705,1.198467509234981,2.5995449554646384,0.9914448647649479,-0.2995449554646382,-1.0423823515457895,0.17152054627363467,-0.035591944797759456,-0.8500000000000001,-1.25,True
Dense Only,Coverage-capped deployment,6,2.273630675202028,1.193152441212569,2.5995449554646384,0.9914448647649479,-0.2995449554646382,-1.080478233989459,0.1469060644754683,-0.02461448179816636,-0.8500000000000001,-1.25,True
Dense Only,Coverage-capped deployment,7,2.2993149158739246,1.1902647700517137,2.5995449554646384,0.9914448647649479,-0.2995449554646382,-1.1090501458222108,0.1296674314108801,-0.0172386330645882,-0.8500000000000001,-1.25,True
Dense Only,Coverage-capped deployment,8,2.3194899591582887,1.189010879461514,2.5995449554646384,0.9914448647649479,-0.2995449554646382,-1.1304790796967747,0.1174631311192333,-0.012204300291646805,-0.8500000000000001,-1.25,True
Dense Only,Coverage-capped deployment,9,2.3353780877293286,1.1888273076266307,2.5995449554646384,0.9914448647649479,-0.2995449554646382,-1.146550780102698,0.1087439627591301,-0.008719168360103197,-0.8500000000000001,-1.25,True
Dense Only,Coverage-capped deployment,10,2.3479223664270545,1.1893178110199145,2.5995449554646384,0.9914448647649479,-0.2995449554646382,-1.15860455540714,0.10246763017359772,-0.006276332585532382,-0.8500000000000001,-1.25,True
Dense Only,Coverage-capped deployment,11,2.3578519667339894,1.1902070798485178,2.5995449554646384,0.9914448647649479,-0.2995449554646382,-1.1676448868854716,0.09792191894648092,-0.004545711227116805,-0.8500000000000001,-1.25,True
Dense Only,Coverage-capped deployment,12,2.365731921729612,1.1913067862353917,2.5995449554646384,0.9914448647649479,-0.2995449554646382,-1.1744251354942203,0.09461332239823442,-0.0033085965482465007,-0.8500000000000001,-1.25,True
Dense Only,Coverage-capped deployment,13,2.372001074431629,1.192490752480847,2.5995449554646384,0.9914448647649479,-0.2995449554646382,-1.1795103219507819,0.09219566676303831,-0.0024176556351961087,-0.8500000000000001,-1.25,True
Dense Only,Coverage-capped deployment,14,2.3770010637160404,1.1936768519228373,2.5995449554646384,0.9914448647649479,-0.2995449554646382,-1.183324211793203,0.0904235603844405,-0.0017721063785978153,-0.8500000000000001,-1.25,True
Dense Only,Coverage-capped deployment,15,2.3809984992284052,1.1948138700533861,2.5995449554646384,0.9914448647649479,-0.2995449554646382,-1.186184629175019,0.08912150584542461,-0.0013020545390158844,-0.8500000000000001,-1.25,True
Dense Only,Coverage-capped deployment,16,2.3842019540083954,1.1958720117970143,2.5995449554646384,0.9914448647649479,-0.2995449554646382,-1.188329942211381,0.08816306671985358,-0.0009584391255710312,-0.8500000000000001,-1.25,True
Dense Only,Coverage-capped deployment,17,2.386775008954333,1.1968360819656803,2.5995449554646384,0.9914448647649479,-0.2995449554646382,-1.1899389269886527,0.08745660224119667,-0.0007064644786569096,-0.8500000000000001,-1.25,True
Dense Only,Coverage-capped deployment,18,2.38884628516837,1.1977006195967639,2.5995449554646384,0.9914448647649479,-0.2995449554646382,-1.191145665571606,0.08693536606585786,-0.0005212361753388073,-0.8500000000000001,-1.25,True
Dense Only,Coverage-capped deployment,19,2.3905171748827025,1.1984664553738813,2.5995449554646384,0.9914448647649479,-0.2995449554646382,-1.1920507195088212,0.08655055203326276,-0.0003848140325951044,-0.8500000000000001,-1.25,True
Dense Only,Coverage-capped deployment,20,2.39186781118811,1.1991383012263774,2.5995449554646384,0.9914448647649479,-0.2995449554646382,-1.1927295099617325,0.08626635980401187,-0.0002841922292508847,-0.8500000000000001,-1.25,True
Dense Only,Coverage-capped deployment,21,2.392961687703482,1.1997230849020657,2.5995449554646384,0.9914448647649479,-0.2995449554646382,-1.1932386028014161,0.08605646350236341,-0.0002098963016484573,-0.8500000000000001,-1.25,True
Dense Only,Coverage-capped deployment,22,2.393849241497653,1.2002288190664743,2.5995449554646384,0.9914448647649479,-0.2995449554646382,-1.1936204224311786,0.08590146631816978,-0.0001549971841936365,-0.8500000000000001,-1.25,True
Dense Only,Coverage-capped deployment,23,2.3945706383616248,1.2006638512081238,2.5995449554646384,0.9914448647649479,-0.2995449554646382,-1.193906787153501,0.08578705496015662,-0.0001144113580131556,-0.8500000000000001,-1.25,True
Dense Only,Coverage-capped deployment,24,2.395157943169828,1.2010363824745858,2.5995449554646384,0.9914448647649479,-0.2995449554646382,-1.1941215606952424,0.08570265509062834,-8.43998695282816e-05,-0.8500000000000001,-1.25,True
Dense Only,Coverage-capped deployment,25,2.3956368152189675,1.201354174367419,2.5995449554646384,0.9914448647649479,-0.2995449554646382,-1.1942826408515486,0.08564044791623424,-6.220717439410495e-05,-0.8500000000000001,-1.25,True
w/o RAG,Nominal relaxation,0,1.188,0.8820000000000001,1.6500000000000001,0.65,0.65,-0.3059999999999998,0.2672680000000002,,-0.8500000000000001,-1.25,True
w/o RAG,Nominal relaxation,1,1.2543,0.8548000000000001,1.6500000000000001,0.65,0.65,-0.39949999999999986,0.19852153000000017,-0.06874647000000006,-0.8500000000000001,-1.25,True
w/o RAG,Nominal relaxation,2,1.3055889999999999,0.8359640000000002,1.6500000000000001,0.65,0.65,-0.46962499999999974,0.15320154621700022,-0.04531998378299995,-0.8500000000000001,-1.25,True
w/o RAG,Nominal relaxation,3,1.3453538699999998,0.8231351200000001,1.6500000000000001,0.65,0.65,-0.5222187499999997,0.12278503430139151,-0.030416511915608707,-0.8500000000000001,-1.25,True
w/o RAG,Nominal relaxation,4,1.3762549621,0.8145908996000001,1.6500000000000001,0.65,0.65,-0.5616640624999999,0.10202651000600982,-0.020758524295381692,-0.8500000000000001,-1.25,True
w/o RAG,Nominal relaxation,5,1.400325056043,0.8090770091680001,1.6500000000000001,0.65,0.65,-0.591248046875,0.0876430724857671,-0.014383437520242723,-0.8500000000000001,-1.25,True
w/o RAG,Nominal relaxation,6,1.4191198746406901,0.8056838394844401,1.6500000000000001,0.65,0.65,-0.61343603515625,0.07754309016254762,-0.010099982323219472,-0.8500000000000001,-1.25,True
w/o RAG,Nominal relaxation,7,1.4338320545455228,0.8037550281783353,1.6500000000000001,0.65,0.65,-0.6300770263671874,0.07036918933213059,-0.007173900830417038,-0.8500000000000001,-1.25,True
w/o RAG,Nominal relaxation,8,1.4453775242180964,0.8028197544427058,1.6500000000000001,0.65,0.65,-0.6425577697753906,0.06522423494304468,-0.0051449543890859095,-0.8500000000000001,-1.25,True
w/o RAG,Nominal relaxation,9,1.4544610343100044,0.8025427069784614,1.6500000000000001,0.65,0.65,-0.651918327331543,0.061504764555430066,-0.0037194703876146096,-0.8500000000000001,-1.25,True
w/o RAG,Nominal relaxation,10,1.461625925384042,0.8026871798853847,1.6500000000000001,0.65,0.65,-0.6589387454986573,0.05879816688877039,-0.002706597666659677,-0.8500000000000001,-1.25,True
w/o RAG,Nominal relaxation,11,1.4672919682488086,0.8030879091248156,1.6500000000000001,0.65,0.65,-0.6642040591239929,0.05681813278660222,-0.0019800341021681683,-0.8500000000000001,-1.25,True
w/o RAG,Nominal relaxation,12,1.4717841712815514,0.8036311269385568,1.6500000000000001,0.65,0.65,-0.6681530443429946,0.0553634047702144,-0.001454728016387824,-0.8500000000000001,-1.25,True
w/o RAG,Nominal relaxation,13,1.4753547403899678,0.8042399571327219,1.6500000000000001,0.65,0.65,-0.6711147832572459,0.05429093108055946,-0.0010724736896549347,-0.8500000000000001,-1.25,True
w/o RAG,Nominal relaxation,14,1.4781998431933834,0.804863755750449,1.6500000000000001,0.65,0.65,-0.6733360874429344,0.053498076723912824,-0.0007928543566466384,-0.8500000000000001,-1.25,True
w/o RAG,Nominal relaxation,15,1.4804724263527909,0.8054703607705901,1.6500000000000001,0.65,0.65,-0.6750020655822008,0.0529106313048474,-0.0005874454190654271,-0.8500000000000001,-1.25,True
w/o RAG,Nominal relaxation,16,1.4822920312495285,0.8060404820628778,1.6500000000000001,0.65,0.65,-0.6762515491866506,0.05247459482482447,-0.00043603648002292494,-0.8500000000000001,-1.25,True
w/o RAG,Nominal relaxation,17,1.4837523239696426,0.8065636620796546,1.6500000000000001,0.65,0.65,-0.677188661889988,0.05215047006928697,-0.00032412475553750264,-0.8500000000000001,-1.25,True
w/o RAG,Nominal relaxation,18,1.484926882419204,0.8070353860017129,1.6500000000000001,0.65,0.65,-0.677891496417491,0.05190924660455033,-0.0002412234647366368,-0.8500000000000001,-1.25,True
w/o RAG,Nominal relaxation,19,1.4858736525512397,0.8074550302381214,1.6500000000000001,0.65,0.65,-0.6784186223131183,0.05172954447415894,-0.00017970213039139593,-0.8500000000000001,-1.25,True
w/o RAG,Nominal relaxation,20,1.4866383867250041,0.8078244199901655,1.6500000000000001,0.65,0.65,-0.6788139667348386,0.051595564237041494,-0.00013398023711744256,-0.8500000000000001,-1.25,True
w/o RAG,Nominal relaxation,21,1.4872573023123599,0.8081468272612309,1.6500000000000001,0.65,0.65,-0.679110475051129,0.05149560462344427,-9.995961359722527e-05,-0.8500000000000001,-1.25,True
w/o RAG,Nominal relaxation,22,1.4877591419172136,0.8084262856288668,1.6500000000000001,0.65,0.65,-0.6793328562883468,0.051420984009598145,-7.462061384612417e-05,-0.8500000000000001,-1.25,True
w/o RAG,Nominal relaxation,23,1.4881667735397535,0.8086671313234933,1.6500000000000001,0.65,0.65,-0.6794996422162601,0.05136525174896016,-5.57322606379862e-05,-0.8500000000000001,-1.25,True
w/o RAG,Nominal relaxation,24,1.488498436349345,0.8088737046871499,1.6500000000000001,0.65,0.65,-0.6796247316621951,0.05132360910262633,-4.164264633382819e-05,-0.8500000000000001,-1.25,True
w/o RAG,Nominal relaxation,25,1.4887687129034686,0.8090501641568222,1.6500000000000001,0.65,0.65,-0.6797185487466464,0.051292482657116265,-3.1126445510065714e-05,-0.8500000000000001,-1.25,True
w/o RAG,No calibration control,0,0.54,2.0340000000000003,0.75,1.55,1.55,1.4940000000000002,0.2783560000000002,,-0.8500000000000001,-1.25,True
w/o RAG,No calibration control,1,0.63546,1.8759600000000003,0.75,1.55,1.55,1.2405000000000004,0.11936933320000015,-0.15898666680000006,-0.8500000000000001,-1.25,True
w/o RAG,No calibration control,2,0.7045518000000001,1.7549268000000002,0.75,1.55,1.55,1.0503750000000003,0.04406053224148007,-0.07530880095852008,-0.8500000000000001,-1.25,True
w/o RAG,No calibration control,3,0.754292994,1.6620742440000003,0.75,1.55,1.55,0.9077812500000002,0.012579065965655618,-0.03148146627582445,-0.8500000000000001,-1.25,True
w/o RAG,No calibration control,4,0.7898744350200001,1.5907103725200002,0.75,1.55,1.55,0.8008359375000002,0.003247304998881398,-0.009331760966774221,-0.8500000000000001,-1.25,True
w/o RAG,No calibration control,5,0.8151292185666001,1.5357561716916002,0.75,1.55,1.55,0.720626953125,0.004444701755975147,0.0011973967570937487,-0.8500000000000001,-1.25,True
w/o RAG,No calibration control,6,0.8328823295352781,1.493352544379028,0.75,1.55,1.55,0.66047021484375,0.010078414777524415,0.005633713021549269,-0.8500000000000001,-1.25,True
w/o RAG,No calibration control,7,0.8452111421080308,1.4605638032408432,0.75,1.55,1.55,0.6153526611328124,0.017063994872258254,0.006985580094733839,-0.8500000000000001,-1.25,True
w/o RAG,No calibration control,8,0.8536393543949781,1.4351538502445873,0.75,1.55,1.55,0.5815144958496092,0.02393075389305055,0.006866759020792295,-0.8500000000000001,-1.25,True
w/o RAG,No calibration control,9,0.8592812439818162,1.4154171158690232,0.75,1.55,1.55,0.556135871887207,0.03005494298722517,0.006124189094174622,-0.8500000000000001,-1.25,True
w/o RAG,No calibration control,10,0.8629488673803957,1.400050771295801,0.75,1.55,1.55,0.5371019039154054,0.03524221783149839,0.0051872748442732194,-0.8500000000000001,-1.25,True
w/o RAG,No calibration control,11,0.8652316360823447,1.3880580640188986,0.75,1.55,1.55,0.522826427936554,0.039503520583521065,0.004261302752022675,-0.8500000000000001,-1.25,True
w/o RAG,No calibration control,12,0.8665553150658082,1.3786751360182237,0.75,1.55,1.55,0.5121198209524155,0.04293735048846399,0.0034338299049429255,-0.8500000000000001,-1.25,True
w/o RAG,No calibration control,13,0.8672257043427174,1.371315570057029,0.75,1.55,1.55,0.5040898657143116,0.04566999126269073,0.0027326407742267397,-0.8500000000000001,-1.25,True
w/o RAG,No calibration control,14,0.8674609292330279,1.3655283285187616,0.75,1.55,1.55,0.49806739928573374,0.047826867475368344,0.0021568762126776136,-0.8500000000000001,-1.25,True
w/o RAG,No calibration control,15,0.8674152672348425,1.3609658166991427,0.75,1.55,1.55,0.4935505494643002,0.049520267436051604,0.0016933999606832603,-0.8500000000000001,-1.25,True
w/o RAG,No calibration control,16,0.8671966937834913,1.3573596058817166,0.75,1.55,1.55,0.49016291209822527,0.050845386479829016,0.0013251190437774119,-0.8500000000000001,-1.25,True
w/o RAG,No calibration control,17,0.8668797723242267,1.3545019563978957,0.75,1.55,1.55,0.487622184073669,0.051880366230813366,0.0010349797509843495,-0.8500000000000001,-1.25,True
w/o RAG,No calibration control,18,0.866515098392055,1.3522317364473067,0.75,1.55,1.55,0.48571663805525167,0.052688054221957846,0.0008076879911444804,-0.8500000000000001,-1.25,True
w/o RAG,No calibration control,19,0.8661361971876157,1.3504236757290544,0.75,1.55,1.55,0.4842874785414387,0.053318325506702395,0.0006302712847445491,-0.8500000000000001,-1.25,True
w/o RAG,No calibration control,20,0.8657645428073786,1.3489801517134576,0.75,1.55,1.55,0.48321560890607906,0.053810408776545915,0.0004920832698435199,-0.8500000000000001,-1.25,True
w/o RAG,No calibration control,21,0.8654131948863674,1.3478249015659267,0.75,1.55,1.55,0.48241170667955935,0.054194975980705856,0.0003845672041599413,-0.8500000000000001,-1.25,True
w/o RAG,No calibration control,22,0.8650894200228673,1.346898200032537,0.75,1.55,1.55,0.48180878000966965,0.05449591575122337,0.000300939770517511,-0.8500000000000001,-1.25,True
w/o RAG,No calibration control,23,0.8647965698193666,1.3461531548266188,0.75,1.55,1.55,0.4813565850072522,0.05473178872943317,0.0002358729782098029,-0.8500000000000001,-1.25,True
w/o RAG,No calibration control,24,0.8645354163503643,1.3455528551058036,0.75,1.55,1.55,0.48101743875543923,0.05491699665393987,0.0001852079245067001,-0.8500000000000001,-1.25,True
w/o RAG,No calibration control,25,0.86430509312102,1.3450681721875994,0.75,1.55,1.55,0.48076307906657945,0.055062708363936466,0.000145711709996596,-0.8500000000000001,-1.25,True
w/o RAG,Retrieval-noise perturbation,0,1.0692,1.0932000000000002,1.485,0.8150000000000001,0.8150000000000001,0.024000000000000243,0.2502848800000002,,-0.8500000000000001,-1.25,True
w/o RAG,Retrieval-noise perturbation,1,1.140846,1.0449460000000002,1.485,0.8150000000000001,0.8150000000000001,-0.09589999999999987,0.1713171386320001,-0.07896774136800011,-0.8500000000000001,-1.25,True
w/o RAG,Retrieval-noise perturbation,2,1.19551618,1.0096911800000001,1.485,0.8150000000000001,0.8150000000000001,-0.1858249999999999,0.12170553761158487,-0.04961160102041523,-0.8500000000000001,-1.25,True
w/o RAG,Retrieval-noise perturbation,3,1.2372954294,0.9840266794000001,1.485,0.8150000000000001,0.8150000000000001,-0.25326874999999993,0.08992757264512082,-0.03177796496646405,-0.8500000000000001,-1.25,True
w/o RAG,Retrieval-noise perturbation,4,1.269274456402,0.9654228939020001,1.485,0.8150000000000001,0.8150000000000001,-0.3038515624999999,0.06916455717050501,-0.0207630154746158,-0.8500000000000001,-1.25,True
w/o RAG,Retrieval-noise perturbation,5,1.29379373631366,0.9520050644386601,1.485,0.8150000000000001,0.8150000000000001,-0.34178867187499995,0.0553302229547316,-0.013834334215773417,-0.8500000000000001,-1.25,True
w/o RAG,Retrieval-noise perturbation,6,1.3126272542653379,0.9423857503590879,1.485,0.8150000000000001,0.8150000000000001,-0.37024150390625,0.04593949286665436,-0.00939073008807724,-0.8500000000000001,-1.25,True
w/o RAG,Retrieval-noise perturbation,7,1.3271209608839805,0.935539832954293,1.485,0.8150000000000001,0.8150000000000001,-0.39158112792968747,0.0394556423208465,-0.006483850545807857,-0.8500000000000001,-1.25,True
w/o RAG,Retrieval-noise perturbation,8,1.3382971524165164,0.9307113064692507,1.485,0.8150000000000001,0.8150000000000001,-0.40758584594726566,0.034910831933923706,-0.004544810386922796,-0.8500000000000001,-1.25,True
w/o RAG,Retrieval-noise perturbation,9,1.346933202667818,0.9273438182073688,1.485,0.8150000000000001,0.8150000000000001,-0.41958938446044924,0.03168357401497615,-0.003227257918947554,-0.8500000000000001,-1.25,True
w/o RAG,Retrieval-noise perturbation,10,1.353620982835871,0.9250289444905341,1.485,0.8150000000000001,0.8150000000000001,-0.4285920383453369,0.029366814776713553,-0.0023167592382625987,-0.8500000000000001,-1.25,True
w/o RAG,Retrieval-noise perturbation,11,1.3588117342199595,0.9234677054609568,1.485,0.8150000000000001,0.8150000000000001,-0.4353440287590027,0.027688721548539033,-0.0016780932281745195,-0.8500000000000001,-1.25,True
w/o RAG,Retrieval-noise perturbation,12,1.3628499782522063,0.9224419566829543,1.485,0.8150000000000001,0.8150000000000001,-0.4404080215692521,0.026464401868848297,-0.0012243196796907357,-0.8500000000000001,-1.25,True
w/o RAG,Retrieval-noise perturbation,13,1.3659991610865612,0.9217931449096222,1.485,0.8150000000000001,0.8150000000000001,-0.444206016176939,0.025565975461789788,-0.0008984264070585092,-0.8500000000000001,-1.25,True
w/o RAG,Retrieval-noise perturbation,14,1.3684610630547682,0.9214065509220639,1.485,0.8150000000000001,0.8150000000000001,-0.4470545121327043,0.024903677903454498,-0.0006622975583352904,-0.8500000000000001,-1.25,True
w/o RAG,Retrieval-noise perturbation,15,1.3703905018501494,0.9211996177506212,1.485,0.8150000000000001,0.8150000000000001,-0.44919088409952823,0.024413695876538667,-0.0004899820269158306,-0.8500000000000001,-1.25,True
w/o RAG,Retrieval-noise perturbation,16,1.3719064811716428,0.9211133180969967,1.485,0.8150000000000001,0.8150000000000001,-0.4507931630746461,0.024050180278534398,-0.0003635155980042694,-0.8500000000000001,-1.25,True
w/o RAG,Retrieval-noise perturbation,17,1.3731006528494778,0.9211057805434931,1.485,0.8150000000000001,0.8150000000000001,-0.4519948723059847,0.023779900557457014,-0.00027027972107738357,-0.8500000000000001,-1.25,True
w/o RAG,Retrieval-noise perturbation,18,1.3740437469728273,0.9211475927433387,1.485,0.8150000000000001,0.8150000000000001,-0.4528961542294886,0.02357860153103567,-0.00020129902642134281,-0.8500000000000001,-1.25,True
w/o RAG,Retrieval-noise perturbation,19,1.374790463818267,0.9212183481461507,1.485,0.8150000000000001,0.8150000000000001,-0.4535721156721164,0.023428479348289573,-0.00015012218274609856,-0.8500000000000001,-1.25,True
w/o RAG,Retrieval-noise perturbation,20,1.375383200342277,0.9213041135881898,1.485,0.8150000000000001,0.8150000000000001,-0.45407908675408726,0.023316407332972137,-0.00011207201531743607,-0.8500000000000001,-1.25,True
w/o RAG,Retrieval-noise perturbation,21,1.3758548928139265,0.921395577748361,1.485,0.8150000000000001,0.8150000000000001,-0.4544593150655655,0.02323267338706702,-8.373394590511715e-05,-0.8500000000000001,-1.25,True
w/o RAG,Retrieval-noise perturbation,22,1.3762311884329363,0.9214867021337623,1.485,0.8150000000000001,0.8150000000000001,-0.4547444862991741,0.02317007210103602,-6.26012860309999e-05,-0.8500000000000001,-1.25,True
w/o RAG,Retrieval-noise perturbation,23,1.3765321069473702,0.9215737422229897,1.485,0.8150000000000001,0.8150000000000001,-0.45495836472438045,0.023123246354689014,-4.682574634700537e-05,-0.8500000000000001,-1.25,True
w/o RAG,Retrieval-noise perturbation,24,1.376773314177342,0.9216545406340567,1.485,0.8150000000000001,0.8150000000000001,-0.4551187735432852,0.023088206562018,-3.503979267101276e-05,-0.8500000000000001,-1.25,True
w/o RAG,Retrieval-noise perturbation,25,1.3769670998254624,0.9217280196679984,1.485,0.8150000000000001,0.8150000000000001,-0.45523908015746395,0.023061977702374278,-2.622885964372393e-05,-0.8500000000000001,-1.25,True
w/o RAG,Coverage-capped deployment,0,1.188,0.8820000000000001,1.6500000000000001,0.65,0.65,-0.3059999999999998,0.2672680000000002,,-0.8500000000000001,-1.25,True
w/o RAG,Coverage-capped deployment,1,1.2543,0.8548000000000001,1.6500000000000001,0.65,0.65,-0.39949999999999986,0.19852153000000017,-0.06874647000000006,-0.8500000000000001,-1.25,True
w/o RAG,Coverage-capped deployment,2,1.3055889999999999,0.8359640000000002,1.6500000000000001,0.65,0.65,-0.46962499999999974,0.15320154621700022,-0.04531998378299995,-0.8500000000000001,-1.25,True
w/o RAG,Coverage-capped deployment,3,1.3453538699999998,0.8231351200000001,1.6500000000000001,0.65,0.65,-0.5222187499999997,0.12278503430139151,-0.030416511915608707,-0.8500000000000001,-1.25,True
w/o RAG,Coverage-capped deployment,4,1.3762549621,0.8145908996000001,1.6500000000000001,0.65,0.65,-0.5616640624999999,0.10202651000600982,-0.020758524295381692,-0.8500000000000001,-1.25,True
w/o RAG,Coverage-capped deployment,5,1.400325056043,0.8090770091680001,1.6500000000000001,0.65,0.65,-0.591248046875,0.0876430724857671,-0.014383437520242723,-0.8500000000000001,-1.25,True
w/o RAG,Coverage-capped deployment,6,1.4191198746406901,0.8056838394844401,1.6500000000000001,0.65,0.65,-0.61343603515625,0.07754309016254762,-0.010099982323219472,-0.8500000000000001,-1.25,True
w/o RAG,Coverage-capped deployment,7,1.4338320545455228,0.8037550281783353,1.6500000000000001,0.65,0.65,-0.6300770263671874,0.07036918933213059,-0.007173900830417038,-0.8500000000000001,-1.25,True
w/o RAG,Coverage-capped deployment,8,1.4453775242180964,0.8028197544427058,1.6500000000000001,0.65,0.65,-0.6425577697753906,0.06522423494304468,-0.0051449543890859095,-0.8500000000000001,-1.25,True
w/o RAG,Coverage-capped deployment,9,1.4544610343100044,0.8025427069784614,1.6500000000000001,0.65,0.65,-0.651918327331543,0.061504764555430066,-0.0037194703876146096,-0.8500000000000001,-1.25,True
w/o RAG,Coverage-capped deployment,10,1.461625925384042,0.8026871798853847,1.6500000000000001,0.65,0.65,-0.6589387454986573,0.05879816688877039,-0.002706597666659677,-0.8500000000000001,-1.25,True
w/o RAG,Coverage-capped deployment,11,1.4672919682488086,0.8030879091248156,1.6500000000000001,0.65,0.65,-0.6642040591239929,0.05681813278660222,-0.0019800341021681683,-0.8500000000000001,-1.25,True
w/o RAG,Coverage-capped deployment,12,1.4717841712815514,0.8036311269385568,1.6500000000000001,0.65,0.65,-0.6681530443429946,0.0553634047702144,-0.001454728016387824,-0.8500000000000001,-1.25,True
w/o RAG,Coverage-capped deployment,13,1.4753547403899678,0.8042399571327219,1.6500000000000001,0.65,0.65,-0.6711147832572459,0.05429093108055946,-0.0010724736896549347,-0.8500000000000001,-1.25,True
w/o RAG,Coverage-capped deployment,14,1.4781998431933834,0.804863755750449,1.6500000000000001,0.65,0.65,-0.6733360874429344,0.053498076723912824,-0.0007928543566466384,-0.8500000000000001,-1.25,True
w/o RAG,Coverage-capped deployment,15,1.4804724263527909,0.8054703607705901,1.6500000000000001,0.65,0.65,-0.6750020655822008,0.0529106313048474,-0.0005874454190654271,-0.8500000000000001,-1.25,True
w/o RAG,Coverage-capped deployment,16,1.4822920312495285,0.8060404820628778,1.6500000000000001,0.65,0.65,-0.6762515491866506,0.05247459482482447,-0.00043603648002292494,-0.8500000000000001,-1.25,True
w/o RAG,Coverage-capped deployment,17,1.4837523239696426,0.8065636620796546,1.6500000000000001,0.65,0.65,-0.677188661889988,0.05215047006928697,-0.00032412475553750264,-0.8500000000000001,-1.25,True
w/o RAG,Coverage-capped deployment,18,1.484926882419204,0.8070353860017129,1.6500000000000001,0.65,0.65,-0.677891496417491,0.05190924660455033,-0.0002412234647366368,-0.8500000000000001,-1.25,True
w/o RAG,Coverage-capped deployment,19,1.4858736525512397,0.8074550302381214,1.6500000000000001,0.65,0.65,-0.6784186223131183,0.05172954447415894,-0.00017970213039139593,-0.8500000000000001,-1.25,True
w/o RAG,Coverage-capped deployment,20,1.4866383867250041,0.8078244199901655,1.6500000000000001,0.65,0.65,-0.6788139667348386,0.051595564237041494,-0.00013398023711744256,-0.8500000000000001,-1.25,True
w/o RAG,Coverage-capped deployment,21,1.4872573023123599,0.8081468272612309,1.6500000000000001,0.65,0.65,-0.679110475051129,0.05149560462344427,-9.995961359722527e-05,-0.8500000000000001,-1.25,True
w/o RAG,Coverage-capped deployment,22,1.4877591419172136,0.8084262856288668,1.6500000000000001,0.65,0.65,-0.6793328562883468,0.051420984009598145,-7.462061384612417e-05,-0.8500000000000001,-1.25,True
w/o RAG,Coverage-capped deployment,23,1.4881667735397535,0.8086671313234933,1.6500000000000001,0.65,0.65,-0.6794996422162601,0.05136525174896016,-5.57322606379862e-05,-0.8500000000000001,-1.25,True
w/o RAG,Coverage-capped deployment,24,1.488498436349345,0.8088737046871499,1.6500000000000001,0.65,0.65,-0.6796247316621951,0.05132360910262633,-4.164264633382819e-05,-0.8500000000000001,-1.25,True
w/o RAG,Coverage-capped deployment,25,1.4887687129034686,0.8090501641568222,1.6500000000000001,0.65,0.65,-0.6797185487466464,0.051292482657116265,-3.1126445510065714e-05,-0.8500000000000001,-1.25,True
